Layer,Head,Cross_RSA,Full_RSA,Format_RSA,MaxT_P
14,24,0.8165053312460819,0.8073611556818463,0.03439333329657106,0.005
9,19,0.8160328165867959,0.7911187324608733,0.16262082959656615,0.005
9,1,0.8084725820382211,0.7739418296586866,0.09155761299266132,0.005
8,15,0.8057949989689344,0.7152798739479874,0.055203614615050536,0.005
9,17,0.7889419761210695,0.7452766685049517,0.24890643203798743,0.005
9,18,0.7875244321432118,0.42301554442597594,0.7941183744480962,0.005
12,3,0.774609031456063,0.7474551740286565,0.24314425521648744,0.005
11,10,0.7719314483867761,0.7592062547624204,0.10968831870038653,0.005
10,25,0.7692538653174893,0.7491372372748415,0.014645078896988045,0.005
12,17,0.7690963604310606,0.7173006860423625,0.4090437525319032,0.005
10,0,0.7679938262260599,0.7316799905982905,0.23203381975726262,0.005
7,14,0.7607486014503426,0.5224149693802156,0.2847866030210136,0.005
12,30,0.7585435330403416,0.5357546654020432,0.5771108740202462,0.005
12,4,0.7577560086081983,0.7615891776945158,0.1352749980079544,0.005
12,19,0.7527158522424818,0.7316799905982906,0.19132278786623036,0.005
11,22,0.7487782300817657,0.7162377155187318,0.20617482585510594,0.005
11,19,0.7431080541703347,0.6843719617993398,0.2575279121026702,0.005
13,28,0.7259400215496127,0.6955389927948452,0.43072544055306716,0.005
11,14,0.7182222821146089,0.6954513853341064,0.17315395811526268,0.005
12,20,0.7152296892724649,0.610139240066665,0.4401856495690835,0.005
11,1,0.7147571746131791,0.7448853551803184,0.11985109937044228,0.005
16,29,0.7127096110896065,0.34896387811216145,0.8658296997871229,0.005
15,10,0.7068819302917468,0.4672865145859818,0.7046793690013362,0.005
14,25,0.7010542494938871,0.39972948136160347,0.8142696544476707,0.005
12,7,0.6969591224467424,0.45194352796192694,0.7520621084597954,0.005
12,8,0.6837287119867365,0.44665203733330355,0.7579713351623736,0.005
9,25,0.6819961582360213,0.6661729719552,0.2149978187197844,0.005
14,27,0.6819961582360213,0.49213783094888736,0.6754109963749272,0.005
12,12,0.6774285165295908,0.6560105065094995,0.4164343706290444,0.005
13,7,0.6675057086845864,0.49738259759845005,0.6804869404180636,0.005
13,21,0.6643556109560133,0.660028768708719,0.3828253033648894,0.005
10,10,0.6586854350445822,0.6034168275793081,0.5026164935245221,0.005
9,31,0.6560078519752954,0.6335245915865415,0.21013972635231953,0.005
11,17,0.6555353373160095,0.6816094065373763,0.20915394751990782,0.005
14,26,0.6462425490167196,0.5880621599604884,0.5269614182807648,0.005
15,25,0.6419899170831463,0.4184132324884978,0.7897286631833246,0.005
9,16,0.6397848486731452,0.5200378869455031,0.6415241682242917,0.005
9,22,0.6396273437867166,0.34659263617483144,0.8309244150527244,0.005
15,24,0.6358472265124292,0.40034857408415747,0.6781450349045992,0.005
8,13,0.6279719821909969,0.5020783574940495,0.6484627440944154,0.005
15,9,0.6273419626452825,0.45531349495167933,0.6767072138451705,0.005
12,15,0.6260819235538534,0.6351657713510483,0.18300630014748698,0.005
13,15,0.6241918649167096,0.699113377192988,0.21960538166022775,0.005
15,8,0.6169466401409921,0.33980597821626585,0.8649528467925469,0.005
11,16,0.6131665228667047,0.610524712893916,0.4664422227793399,0.005
3,24,0.6115914740024183,0.6089360976058524,0.058264430658229185,0.005
11,25,0.6115914740024182,0.6626044280544398,0.22671823887088832,0.005
10,24,0.604661258999558,0.6689296867197809,0.13604292516469502,0.005
12,18,0.6030862101352716,0.6255931961409891,0.27888282261032743,0.005
6,7,0.5988335782016982,0.6574005448865552,0.2560683058756739,0.005
24,18,0.5977310439966979,0.570067587524739,0.25815423567022455,0.005
18,15,0.5952109658138396,0.37684641261662954,0.7697516645242869,0.005
9,28,0.5944234413816962,0.4781381587228275,0.7131810306443999,0.005
11,23,0.5942659364952677,0.36260727999788356,0.8122763116152806,0.005
12,5,0.5942659364952676,0.6110912411400267,0.4572216506065616,0.005
12,16,0.5914308485395521,0.6007944442545268,0.42788792247745133,0.005
9,11,0.5906433241074089,0.5282788287523327,0.3897856644025802,0.005
9,10,0.5802480016031184,0.5438904782559865,0.3812894490514082,0.005
5,26,0.5733177866002581,0.3984095289531389,0.26502745603764694,0.005
12,10,0.5700101839852565,0.29985697611937406,0.8644844656898536,0.005
13,25,0.5695376693259708,0.46432538241301025,0.6911889039854051,0.005
16,28,0.5624499494366819,0.30347224399919515,0.8638581421222999,0.005
10,19,0.5607173956859667,0.5967703415579246,0.3341300075605123,0.005
9,15,0.559299851708109,0.5140747391178823,0.5774213126580775,0.005
10,26,0.5567797735252507,0.6464145693099099,0.12730162667839304,0.005
16,30,0.5473294803395321,0.3094003488425205,0.8658296997871225,0.005
11,0,0.5451244119295311,0.46573878277959624,0.6591864928293238,0.005
16,31,0.5437068679516734,0.3148436924030912,0.8658296997871229,0.005
11,21,0.5391392262452428,0.49408855707467103,0.6034872656521219,0.005
9,21,0.5381941969266709,0.5237466027834456,0.5671332672745111,0.005
10,9,0.5372491676080992,0.5981311774480673,0.37915450262983164,0.005
9,23,0.5304764574916674,0.59240164951575,0.18374699584476872,0.005
9,8,0.5274838646495232,0.5221171040137038,0.2272410828924989,0.005
12,23,0.525436301125951,0.3435088535568257,0.8256251730420258,0.005
9,29,0.5248062815802363,0.3475154347612801,0.8088397014315696,0.005
25,19,0.5229162229430926,0.29669142653801217,0.8658296997871229,0.005
9,3,0.5213411740788061,0.5827239453528041,0.34781653908454757,0.005
7,15,0.5203961447602343,0.3973874419111863,0.27352367138881895,0.005
14,9,0.5203961447602343,0.520096291919329,0.5761850043986438,0.005
14,14,0.515670998167375,0.3128754447851596,0.8658296997871227,0.005
15,27,0.513465929757374,0.3069006159627735,0.836278119982341,0.005
10,30,0.5120483857795163,0.5302821193545597,0.48985583162208884,0.005
9,24,0.5107883466880871,0.5817777847768251,0.3375557251604397,0.005
1,10,0.5087407831645148,0.43912947670453206,0.07043144674445874,0.005
8,16,0.5079532587323716,0.4089866697130032,0.5114503789729843,0.005
11,26,0.5062207049816566,0.6028094158515193,0.2115121919090472,0.005
13,20,0.5002355192973681,0.5208088326000044,0.624134158213848,0.005
6,4,0.4964554020230807,0.5651440482312184,0.1874014577041511,0.005
11,31,0.4937778189537938,0.5056644228869578,0.5770400722256532,0.005
12,2,0.4929902945216505,0.2940690432132309,0.8658296997871229,0.005
10,8,0.4896826919066491,0.5081466342745568,0.5207090751890049,0.005
12,6,0.48716261372379077,0.36153262847948775,0.7561958440056539,0.005
4,13,0.48543005997307576,0.5029719535935854,0.11886532053803063,0.005
11,24,0.4833824964495034,0.6174982667687243,0.34812697772237877,0.005
15,26,0.4832249915630747,0.40895162672870733,0.08117698064693456,0.005
13,30,0.47487723258235676,0.5959526719243625,0.08626381727385415,0.005
4,23,0.47345968860449894,0.34736358182933275,0.2956846330964592,0.005
7,0,0.47314467883164163,0.4067497592154723,0.2730661828699097,0.005
10,21,0.46936456155735423,0.2883979202547393,0.8613582941439739,0.005
10,1,0.46857703712521104,0.3503247140023041,0.7896360762211636,0.005
8,5,0.4674745029202106,0.42847056898131186,0.11361509515435773,0.005
17,15,0.4674745029202105,0.3595935833484689,0.30751942537729043,0.005
14,5,0.46511192962378084,0.5351297321821066,0.3303938513227533,0.005
11,12,0.4602292781444929,0.6053733942024744,0.2563297278864792,0.005
10,11,0.4583392195073493,0.48613379963958847,0.34830125906291565,0.005
10,16,0.45644916087020554,0.42562040625860953,0.6827634904288264,0.005
13,23,0.4562916559837768,0.27838730774098613,0.8601110933007572,0.005
9,30,0.45566163643806235,0.28944336928622244,0.863335298100689,0.005
12,25,0.45518912177877635,0.3939415484554602,0.7061280826445491,0.005
14,10,0.4550316168923477,0.37789770214549523,0.7349988759628585,0.005
8,19,0.4520390240502036,0.43020519670394,0.45859411616328943,0.005
6,6,0.4444787895016288,0.5735894074464388,0.11719330892725513,0.005
7,4,0.4440062748423428,0.47744898003168235,0.3056295620908437,0.005
13,24,0.4424312259780563,0.5569556709008323,0.4331762719043666,0.005
10,4,0.4383360989309117,0.15457460372753462,0.8536027744900838,0.005
16,16,0.43329594256519516,0.2253964749887787,0.8658296997871227,0.005
11,9,0.4246331738116198,0.48738366607946193,0.4310740032341407,0.005
11,20,0.4236881444930479,0.2664434905935966,0.8658296997871227,0.005
5,3,0.42195559074233285,0.3764609397893788,0.13692522445116279,0.005
10,23,0.41975052233233184,0.5687125921319793,0.058465943458224895,0.005
15,6,0.41628541483090176,0.2865581635792246,0.8658296997871227,0.005
7,1,0.4150253757394726,0.3693296924852408,0.1277754540729776,0.005
8,17,0.4139228415344721,0.4697161614971376,0.0373833475451566,0.005
12,13,0.412662802443043,0.5461916342247255,0.10945957444093196,0.005
8,12,0.4112452584651852,0.501675363174651,0.373996864208319,0.005
13,29,0.41124525846518517,0.3935677566229748,0.5353378152103176,0.005
13,4,0.4051025678944682,0.2601999988916118,0.8656064018195597,0.005
14,4,0.4041575385758962,0.37752975081039225,0.6958890538880085,0.005
15,18,0.4008499359608948,0.24452994441413214,0.8642230436790488,0.005
5,16,0.3995898968694656,0.5076093085153589,0.05718061857176558,0.005
13,12,0.3926596818666054,0.36581371306092364,0.5402340316210252,0.005
10,15,0.3899820987973185,0.4105168800272408,0.5072403953406408,0.005
14,19,0.38635948640945966,0.2450088651995041,0.8608517889980385,0.005
22,1,0.38336689356731557,0.21769285894114704,0.865404889019564,0.005
4,7,0.3742316101544543,0.436927609191297,0.049043858485450884,0.005
8,27,0.3740741052680256,0.19803374475136093,0.8658296997871227,0.005
15,11,0.37328658083588234,0.3415230844467464,0.2998946167288026,0.005
10,7,0.37029398799373814,0.43733644400807803,0.5950672983874346,0.005
4,4,0.36871893912945175,0.3932465292669324,0.15763747251559024,0.005
11,6,0.36572634628730755,0.24552282896917182,0.8655247074411835,0.005
13,31,0.36383628765016385,0.2774761901493027,0.8630629835061002,0.005
7,5,0.362418743672306,0.3789723536638909,0.3752767428028864,0.005
9,26,0.35942615083016183,0.5514188793821405,0.2527787455730408,0.005
13,14,0.35895363617087594,0.24103732697934532,0.8658296997871228,0.005
6,5,0.3581661117387328,0.42750688691318495,0.3833590399702834,0.005
12,27,0.35674856776087494,0.2527300027392836,0.865829699787123,0.005
16,10,0.3537559749187307,0.3737859919881542,0.30134333037201533,0.005
1,11,0.3532834602594448,0.4161880029857322,0.10144263277623637,0.005
7,7,0.35092088696301516,0.4168479791899646,0.20040175644982242,0.005
14,8,0.34934583809872877,0.28060669674636896,0.8651325744249752,0.005
10,20,0.34761328434801364,0.23936694472792552,0.8543598090630407,0.005
7,12,0.34698326480229913,0.382616824030625,0.3158794834311678,0.005
10,5,0.3461957403701559,0.5115049202695441,0.2338637738328997,0.005
9,7,0.34493570127872675,0.4384344575160043,0.2532253415081665,0.005
10,17,0.3441481768465835,0.2615549942843718,0.865039987462815,0.005
12,1,0.3441481768465835,0.1856226878133645,0.8646914247817414,0.005
12,11,0.34225811820943985,0.2351909890993763,0.8658296997871227,0.005
11,3,0.34194310843658254,0.2556736134201072,0.8323785749878286,0.005
2,11,0.3409980791180107,0.3531865577197715,0.2450885814218519,0.005
10,31,0.3380054862758665,0.3570296049975136,0.6370091922460086,0.005
1,8,0.3359579227522942,0.3436782279809208,0.22970280682758218,0.005
6,31,0.33406786411515044,0.46067507154889376,0.23550855398421622,0.005
12,28,0.3320203005915781,0.4153878548443177,0.641344440591863,0.005
13,18,0.32997273706800584,0.21819514171604956,0.865829699787123,0.005
7,18,0.3279251735444334,0.3694114594485968,0.4444555424122365,0.005
5,31,0.3276101637715762,0.3097858216697713,0.5062655090920125,0.005
8,23,0.3250900855887179,0.3935560756282097,0.30175180226389864,0.005
11,27,0.3250900855887178,0.4564815944281966,0.39189882565658957,0.005
2,19,0.32335753183800264,0.2882811103070877,0.4999695956651185,0.005
8,7,0.3230425220651454,0.3864365093188366,0.29191035281545774,0.005
14,2,0.32036493899585855,0.20115257035366202,0.8658296997871228,0.005
12,26,0.3200499292230013,0.2606555576874534,0.8658296997871225,0.005
4,14,0.3198924243365726,0.42455743573497856,0.14158180401863202,0.005
8,4,0.31784486081300034,0.3784583898942233,0.05849862120957555,0.005
7,16,0.3165848217215711,0.35411519680360287,0.2581814671296834,0.005
13,11,0.3140647435387129,0.3130389787118719,0.4264228699585633,0.005
8,22,0.3139072386522842,0.3766653571977693,0.14962053085089466,0.005
13,2,0.3102846262644254,0.23217729244996166,0.8656554184465859,0.005
9,6,0.3088670822865677,0.4521713073598477,0.341504286781978,0.005
8,18,0.3068195187629953,0.4377277573327114,0.43008277810983736,0.005
7,31,0.30666201387656666,0.47047542615687393,0.30300989569089903,0.005
11,7,0.3058744894444234,0.2707946611436237,0.865824253495231,0.005
3,11,0.30193686728370744,0.3358986854673155,0.2444404726867303,0.005
3,30,0.29910177932799187,0.2850980392335779,0.20003140860118168,0.005
13,6,0.29815675000942,0.24570972488541454,0.8658296997871229,0.005
15,21,0.29815675000942,0.2235099943342032,0.864462680522287,0.005
16,22,0.29626669137227624,0.20312665846897632,0.8208923453880717,0.005
7,22,0.2942191278487039,0.2539973906713048,0.7923265444157017,0.005
8,29,0.29028150568798783,0.40465302065512404,0.3697705417003002,0.005
11,11,0.28980899102870195,0.42197593589187543,0.48309153709250185,0.005
4,28,0.2894939812558447,0.3159183439214871,0.4237814183910516,0.005
10,29,0.2891789714829874,0.22380785970071512,0.8658296997871229,0.005
12,31,0.2883914470508442,0.22785532438684758,0.8658296997871231,0.005
13,17,0.2883914470508442,0.18933724414868958,0.8658296997871227,0.005
12,0,0.28776142750512956,0.26321369554102636,0.8658296997871229,0.005
12,22,0.2872889128458437,0.5036494512899653,0.15072068181303366,0.005
0,13,0.28555635909512855,0.18717041961974995,0.535179872745456,0.005
1,27,0.2853988542086999,0.3625255130345273,0.1416634983970086,0.005
9,27,0.28272127113941303,0.34302993277145366,0.6718654603533804,0.005
17,21,0.2803586978429834,0.19199467045776641,0.8648983838736288,0.01
7,29,0.27768111477369645,0.489159177283768,0.16060025530471697,0.01
12,21,0.27752360988726776,0.22812982776382915,0.8360493757228867,0.01
13,19,0.276578580568696,0.21535081949072982,0.8415882545768241,0.01
13,27,0.2754760463636956,0.222990190067153,0.8658296997871228,0.01
13,22,0.274373512158695,0.25280592920525713,0.8658296997871227,0.01
8,20,0.2737434926129804,0.30650930263814014,0.25632972788647934,0.01
9,5,0.2737434926129804,0.36505444840118717,0.2362329108058226,0.01
19,12,0.27374349261298037,0.1836369187032851,0.8657534517006382,0.01
4,10,0.2727984632944086,0.39576378363882725,0.35594785287897046,0.01
9,9,0.2712234144301221,0.45163398160064994,0.3281336401876658,0.01
6,13,0.27043588999797896,0.26177109268752763,0.36651910544090927,0.01
16,15,0.26980587045226434,0.19804542574612605,0.8638363569547323,0.01
16,18,0.2696483655658357,0.16635488694821157,0.8658296997871231,0.01
21,25,0.26933335579297846,0.338900701121965,0.5868488439227435,0.01
14,6,0.26917585090654983,0.17166389906898277,0.8658296997871227,0.01
7,21,0.26791581181512064,0.3306130353360748,0.2301167250113571,0.01
5,11,0.26555323851869106,0.3176938551257933,0.19245561657972005,0.01
4,31,0.2650807238594052,0.3443498851799181,0.2118280768387703,0.01
7,13,0.26492321897297644,0.36191810130673835,0.28985165448036604,0.01
4,5,0.2606705870394031,0.3181786164085479,0.3023563406638858,0.01
25,16,0.2597255577208313,0.17088127241971615,0.8658296997871231,0.01
20,8,0.2595680528344026,0.17304225645127314,0.865829699787123,0.01
3,17,0.2578354990836875,0.3189787645499624,0.36589822816524675,0.01
19,16,0.2554729257872579,0.2147609292550886,0.8658296997871228,0.01
11,4,0.254527896468686,0.43838189303956104,0.14667408693744338,0.01
10,27,0.25374037203654287,0.42702796612781296,0.04929438791247264,0.01
5,29,0.2526378378315423,0.2906757142339481,0.16410766728302129,0.01
16,6,0.25169280851297055,0.24379988224130877,0.8399761521768578,0.01
15,17,0.2507477791943986,0.2147726102498538,0.8658296997871228,0.01
13,16,0.24996025476225536,0.2034245238354882,0.8658296997871229,0.01
4,9,0.2487002156708263,0.4442048689299998,0.013659300064576385,0.01
7,28,0.2458651277151107,0.27914073190333977,0.6775840668397465,0.01
8,6,0.24444758373725295,0.3507861132955284,0.04945233037733416,0.01
16,4,0.24413257396439564,0.32434034114717697,0.6201855965923095,0.01
8,2,0.24350255441868102,0.20336611886166228,0.8156693514638577,0.01
6,15,0.2420850104408233,0.33536135970811753,0.1604205276722883,0.01
19,7,0.24192750555439463,0.21938076268471457,0.865829699787123,0.01
8,25,0.24161249578153735,0.2149011011922707,0.8628832558736717,0.01
13,13,0.24161249578153735,0.2186857434961868,0.865829699787123,0.01
13,0,0.24050996157653692,0.20644406098228538,0.7537504589462464,0.01
16,17,0.23893491271225048,0.1612386112410658,0.8658296997871228,0.015
14,11,0.23846239805296454,0.22169944014560133,0.8658296997871228,0.015
5,17,0.23783237850724995,0.4347257416780618,0.20871824416856571,0.02
14,16,0.2372023589615354,0.2284627361146366,0.8658296997871227,0.02
7,26,0.23420976611939118,0.3672563159144226,0.33055179378761457,0.02
13,3,0.23373725146010527,0.3047337914338337,0.6156270502788925,0.02
19,17,0.23357974657367656,0.21926979323444543,0.8658296997871229,0.02
7,8,0.2331072319143907,0.20046339166251684,0.7690218614107888,0.02
21,12,0.23294972702796207,0.11110962220632578,0.8616251624466711,0.02
5,19,0.23216220259581882,0.3874761178529369,0.18926953582303047,0.02
9,13,0.22964212441296056,0.15006573974817788,0.8658296997871229,0.02
21,27,0.22743705600295955,0.06448493160113765,0.8658296997871229,0.025
7,6,0.22601951202510173,0.2666946319810479,0.5197450815241602,0.025
16,12,0.2247594729336726,0.24072778061806824,0.28143713350757077,0.03
3,21,0.22208188986438573,0.3709533507575999,0.2512810153028021,0.035
16,13,0.2206643458865279,0.26085997509584397,0.8264312242420089,0.035
6,27,0.21814426770366965,0.36185385583553,0.270566334891584,0.035
7,30,0.21751424815795506,0.3901919491358397,0.0773754689064743,0.035
10,13,0.21704173349866912,0.15373941260182483,0.8481129122631725,0.035
3,23,0.2168842286122405,0.22998126543410907,0.4914515951463794,0.035
14,7,0.2168842286122405,0.15694000516748208,0.7361916138871574,0.035
5,23,0.21672672372581192,0.26767583554132246,0.5268361535672539,0.035
12,29,0.2165692188393832,0.19204723493420972,0.8628560244142127,0.035
17,17,0.21578169440724002,0.22386626467454102,0.8658296997871229,0.035
11,15,0.213576625997239,0.21636122553791737,0.8658296997871227,0.035
5,0,0.21089904292795214,0.32959094829412205,0.4953620327246754,0.035
13,9,0.2088514794043798,0.21038055621814883,0.8658188072033391,0.04
3,15,0.20837896474509382,0.29152258635442313,0.44283799372037885,0.04
10,14,0.20790645008580794,0.1923509407981041,0.8650617726303823,0.04
7,20,0.206961420767236,0.20191183501339824,0.80038161012364,0.04
4,8,0.20648890610795012,0.4266950577770052,0.16604110090460203,0.04
17,22,0.2050713621300924,0.17557119181793313,0.865829699787123,0.04
4,11,0.20286629372009135,0.3628759428774827,0.48318957034655385,0.04
17,20,0.20176375951509085,0.1450604334913011,0.8617286419926146,0.04
8,30,0.19971619599151857,0.20144459522279135,0.8658296997871228,0.04
17,7,0.19971619599151855,0.12226497220706607,0.6950993415637008,0.04
2,7,0.1994011862186612,0.3379837430328988,0.1920416983959449,0.04
4,22,0.19829865201366073,0.26566086394433003,0.6639138741913866,0.04
1,21,0.19672360314937432,0.27769228855245853,0.3021493815719982,0.045
28,31,0.19625108849008838,0.07899272709948255,0.8651107892574081,0.045
2,16,0.19577857383080247,0.34166325638392836,0.05459362992317157,0.045
13,5,0.1956210689443738,0.1782052561374797,0.8658296997871229,0.045
3,8,0.19546356405794515,0.29246874693040215,0.13627711571604123,0.045
18,12,0.1953060591715165,0.19509013407053727,0.8658296997871228,0.045
9,0,0.19467603962580196,0.22964251658591917,0.8658296997871228,0.045
15,16,0.19436102985294468,0.10261169851466242,0.8658296997871227,0.045
16,5,0.19357350542080148,0.21977207600934784,0.8658296997871229,0.045
25,12,0.19199845655651498,0.0673818183029006,0.8658296997871229,0.05
11,29,0.1915259418972291,0.35443642415964505,0.4049535873211789,0.055
8,10,0.19152594189722905,0.2805190892856302,0.17325743766120646,0.055
15,7,0.1907384174650859,0.20416626700307677,0.8658024683276639,0.055
7,2,0.19058091257865725,0.37276974544358427,0.1312392957161477,0.055
3,31,0.18884835882794215,0.2905530637889137,0.13943051872138013,0.06
14,15,0.188060834395799,0.18974023846808802,0.7780572596592463,0.06
3,18,0.1861707757586552,0.25043468726792695,0.6199078357058292,0.06
17,19,0.18569826109936935,0.21220863189889833,0.8658296997871227,0.06
5,9,0.18475323178079744,0.33384867088602754,0.3470104878845645,0.06
5,30,0.18239065848436783,0.246042633236222,0.33720716247936616,0.07
13,1,0.18034309496079554,0.18766102139988727,0.8633679758520396,0.07
10,22,0.1797130754150809,0.17433300637282478,0.8658296997871227,0.075
8,8,0.1786105412100804,0.261198723944034,0.6587344506023065,0.075
17,23,0.1775080070050799,0.08668466215234899,0.8658296997871228,0.075
21,19,0.17719299723222265,0.1067818136458292,0.8658296997871224,0.075
0,0,0.1757754532543649,0.3496004923268634,0.03676247026949398,0.075
6,23,0.1745154141629357,0.1581548286230602,0.632205562797461,0.085
11,13,0.1734128799579352,0.18412167998603982,0.8466805374956353,0.085
6,8,0.1732553750715066,0.3087637346278186,0.09819119651684552,0.085
4,19,0.17325537507150654,0.28537838310794206,0.538774425394029,0.085
5,20,0.17309787018507794,0.26422994208559636,0.4352295239475665,0.085
2,31,0.1715228213207915,0.2907633216946869,0.11933914793261523,0.095
3,29,0.1707352968886483,0.2663675641276231,0.22904380550867715,0.095
3,1,0.17057779200221967,0.133975169459152,0.8658296997871227,0.095
24,13,0.17057779200221967,0.20523507802409002,0.8658296997871227,0.095
18,0,0.17010527734293374,0.07409254979549248,0.2531490934216815,0.095
11,2,0.16900274313793326,0.2213490103026462,0.8612221368466795,0.1
2,24,0.16884523825150463,0.2964227636584133,0.29755271121533866,0.1
6,20,0.16868773336507595,0.18185556700159616,0.24079145711923985,0.1
17,3,0.16868773336507595,0.08436014419407958,0.33894997588473474,0.1
6,30,0.16805771381936135,0.20755375548497684,0.02820089941562074,0.1
5,21,0.1669551796143609,0.23981082252900218,0.38037447201358976,0.105
10,18,0.16679767472793225,0.31407274674858976,0.6792615247424136,0.105
16,26,0.1655376356365031,0.12492239851614292,0.7844729915077596,0.11
7,9,0.16191502324864432,0.16852171147715123,0.7742176238755438,0.12
16,7,0.16175751836221572,0.12658109977279744,0.8655410463168586,0.12
13,10,0.1614425085893584,0.1693627431002437,0.8658296997871227,0.12
14,1,0.1608124890436438,0.11855041587174105,0.8658296997871229,0.12
3,22,0.16033997438435793,0.2752509606465371,0.6457504907323104,0.12
2,2,0.16002496461150062,0.3430357732688363,0.07863900862536649,0.12
22,3,0.15939494506578605,0.11811821906542967,0.8658296997871225,0.125
7,17,0.15624484733721317,0.2598846120329521,0.7344161227304381,0.14
20,3,0.15577233267792726,0.12087493383001044,0.8658296997871227,0.14
2,18,0.15545732290507,0.23287815213587193,0.04846110525303077,0.14
4,30,0.15514231313221272,0.2484138751735521,0.45524464664984654,0.14
3,20,0.15372476915435496,0.33916936400156383,0.44081741942852964,0.15
4,24,0.15325225449506902,0.3394263458863978,0.07344324616061138,0.16
11,28,0.15293724472221176,0.16766899885929357,0.8658296997871229,0.16
0,11,0.15293724472221173,0.19642176747376702,0.36533726010039375,0.16
17,5,0.15277973983578308,0.16040926061273858,0.8658296997871228,0.16
0,12,0.15262223494935445,0.13632888990433434,0.2052870802767463,0.16
9,4,0.1518347105172112,0.2075712769771246,0.7461910058004596,0.165
6,1,0.15073217631221072,0.26602881527943295,0.30157207463146996,0.165
2,20,0.14994465188006753,0.1400025627579813,0.778089937410597,0.17
9,20,0.14962964210721022,0.1563092314501629,0.8658296997871227,0.17
1,31,0.14931463233435294,0.18600816064061526,0.4354691607908047,0.17
5,14,0.14931463233435294,0.2779492704372921,0.0753821260740839,0.17
7,25,0.14931463233435294,0.3421947416457437,0.0976737987871267,0.17
11,18,0.14931463233435294,0.20718580414987392,0.7432500081789002,0.17
1,6,0.1486846127886384,0.1885721389915706,0.31239930291232243,0.17
1,9,0.14758207858363792,0.1148124975468857,0.8393008119822777,0.18
8,26,0.1461645346057801,0.3899466482457711,0.10562538494912102,0.18
12,14,0.14521950528720826,0.1745899882576586,0.8658296997871229,0.18
23,31,0.14474699062792235,0.09418970128897271,0.8658296997871229,0.18
20,30,0.144431980855065,0.1031840672581559,0.8275150363284725,0.18
4,18,0.14395946619577912,0.2713611893897345,0.10768408328421263,0.18
25,23,0.14380196130935047,0.15689328118842144,0.8658296997871227,0.18
24,15,0.1434869515364932,0.17733502202747423,0.865829699787123,0.18
6,21,0.1431719417636359,0.31914229847667475,0.3857281769432063,0.18
2,17,0.1423844173314927,0.20395600909730355,0.18548436295824555,0.18
3,3,0.14222691244506402,0.27305493363068456,0.4542752066931103,0.18
4,29,0.14222691244506402,0.2026827806678998,0.48525916126542895,0.18
3,28,0.14191190267220677,0.17598002663471418,0.2582195911729259,0.18
8,24,0.14080936846720626,0.14937072055965006,0.8658296997871227,0.19
21,28,0.13970683426220581,0.11537318529561397,0.7817008289348453,0.2
21,26,0.13954932937577713,0.028069430420710785,0.8658296997871228,0.2
27,9,0.13923431960291982,0.12725859746917745,0.8658296997871227,0.205
19,6,0.1390768147164912,0.16254688265476525,0.8658296997871229,0.205
3,19,0.13860430005720525,0.25006089543544163,0.31757328020951037,0.205
3,26,0.13828929028434797,0.26306768310646156,0.17299601565040115,0.205
17,13,0.13781677562506206,0.14032963061140613,0.8658296997871229,0.205
19,10,0.13781677562506203,0.06631884777926984,0.8658296997871228,0.205
14,30,0.13734426096577612,0.17114993529931516,0.8658296997871227,0.205
1,13,0.13702925119291887,0.07589726348671177,0.8658296997871227,0.205
23,15,0.13702925119291887,0.11470736859399905,0.865829699787123,0.205
15,5,0.1359267169879183,0.18562268781336458,0.8658296997871227,0.205
17,18,0.1348241827829178,0.07343257359126022,0.8658296997871227,0.205
8,31,0.13324913391863147,0.16179345849241156,0.8658296997871227,0.215
7,19,0.1330916290322028,0.24740346912636466,0.3787024604028143,0.215
23,5,0.1326191143729169,0.2236676877635329,0.5788918114688573,0.22
3,10,0.13246160948648822,0.2640897701484143,0.13609738808361266,0.225
25,20,0.13025654107648724,0.17288456302194338,0.8658296997871227,0.245
21,14,0.1302565410764872,0.06766800267464729,0.19832127294716367,0.245
17,12,0.13009903619005858,0.08337894063380508,0.8658296997871229,0.245
0,27,0.12931151175791536,0.19198882996038386,0.23037814702216247,0.245
5,22,0.1289965019850581,0.2491965018228187,0.34268068583060174,0.245
1,7,0.12852398732577217,0.2084940755635732,0.20423049964974158,0.25
0,28,0.12820897755291488,0.2136862777366928,0.7223689250658276,0.255
4,12,0.12757895800720032,0.25854129763495715,0.5285626280969471,0.255
15,19,0.12742145312077163,0.14740247294171835,0.8634932405655502,0.26
15,3,0.12600390914291387,0.08516613283287655,0.8579652542953973,0.27
11,8,0.12505887982434205,0.1729488084931518,0.7943743501670101,0.27
20,4,0.1249013749379134,0.19073312302312773,0.8658296997871227,0.275
22,0,0.12427135539219882,0.1301671651657056,0.8658296997871225,0.275
10,3,0.12411385050577015,0.11824671000784656,0.865829699787123,0.275
4,17,0.12190878209576916,0.2633538674782085,0.10058756494922735,0.28
15,12,0.12175127720934054,0.1498613223397873,0.8658296997871229,0.28
25,30,0.12080624789076869,0.11893004820160909,0.8658296997871231,0.295
5,2,0.11970371368576818,0.22648280750193978,0.09110012447375207,0.305
28,28,0.11686862573005262,0.08548151969153617,0.8658296997871229,0.315
21,10,0.116711120843624,0.1336188991188142,0.8658296997871227,0.315
25,10,0.11529357686576619,0.12516185890882897,0.8658296997871228,0.335
6,12,0.11497856709290889,0.19684228328531328,0.03206232036689052,0.335
3,6,0.11293100356933658,0.2747545183690172,0.25735907705402516,0.34
21,13,0.1119859742507647,0.05872620118190736,0.8658296997871227,0.345
14,13,0.11151345959147882,0.14047564304597082,0.8192911355718892,0.35
10,6,0.11104094493219287,0.3047221104390687,0.49211059646528443,0.355
5,27,0.11025342050004965,0.14210514181571243,0.8146999115071214,0.36
21,16,0.10993841072719236,0.1620153973929499,0.8658296997871229,0.37
6,26,0.10915088629504915,0.2041779479978418,0.7157734655848862,0.375
17,0,0.10915088629504915,0.10654819375052574,0.8658188072033394,0.375
7,23,0.10899338140862051,0.2226339197268152,0.44088277493123096,0.375
18,16,0.10820585697647729,0.03181902974033132,0.8072548304910625,0.385
0,10,0.1071033227714768,0.16982998289085055,0.38322832896488085,0.385
20,7,0.1071033227714768,0.16886046032534124,0.8658296997871229,0.385
0,22,0.10647330322576223,0.18264987464562804,0.5985964955333059,0.395
17,10,0.10615829345290494,0.17859072896473036,0.8658296997871229,0.395
14,3,0.10600078856647628,0.12529034985124585,0.8658296997871228,0.4
4,15,0.10521326413433309,0.2907341192077739,0.48269395778440205,0.4
25,18,0.10458324458861852,0.049416448354064495,0.09730889723037765,0.405
29,0,0.10458324458861849,0.08821487246658666,0.8658296997871228,0.405
23,28,0.10379572015647529,0.03819685288211577,0.8226623902528991,0.41
21,24,0.10300819572433208,0.12350899814955696,0.8658296997871229,0.415
20,5,0.10237817617861751,0.15671806626694385,0.8658296997871225,0.42
25,17,0.10206316640576023,0.05150150591964786,0.6301468644623698,0.425
9,14,0.10143314686004565,0.12099174377766217,0.8658296997871229,0.43
17,1,0.10048811754147383,0.024629377462367298,0.8658296997871227,0.43
14,29,0.10033061265504518,0.15038696710422012,0.8658296997871229,0.43
8,21,0.10017310776861654,0.23213640896828347,0.11595700066782172,0.43
1,3,0.10017310776861653,0.22065983161150107,0.057599983047432364,0.43
8,28,0.10001560288218792,0.14360030914565458,0.8658296997871228,0.44
18,10,0.09907057356361601,0.007084523325077425,0.8645334823168798,0.44
17,6,0.09859805890433014,0.06324674615602938,0.8658296997871228,0.44
21,18,0.09844055401790146,0.1742103559277905,0.8658296997871229,0.445
6,22,0.09828304913147282,0.19761322893981456,0.4265481346720741,0.445
18,7,0.09828304913147282,0.16421142440880235,0.865829699787123,0.445
23,25,0.09796803935861548,0.03588401591861151,0.8658296997871229,0.445
1,28,0.09718051492647231,0.2538046542576794,0.3812240935487068,0.45
21,17,0.09686550515361501,0.16903567524681878,0.8658296997871229,0.45
21,15,0.09670800026718641,0.07137671851258978,0.31544922637171746,0.455
12,24,0.09655049538075777,0.09833061393322652,0.8658296997871225,0.455
7,3,0.09639299049432913,0.25365864182311476,0.44131303199068134,0.46
4,25,0.09592047583504319,0.26528707211184455,0.13227953746747712,0.46
15,23,0.09497544651647134,0.06906972204646807,0.8658296997871228,0.475
2,27,0.09450293185718542,0.3042665516432269,0.08414520972795299,0.475
14,28,0.09434542697075679,0.15444027228773516,0.8658296997871227,0.475
5,10,0.09418792208432812,0.2337016622668168,0.48518835947083605,0.475
20,17,0.09418792208432811,0.15529298490559285,0.8658296997871224,0.475
18,14,0.09403041719789947,0.1347928390927141,0.8658296997871227,0.475
2,13,0.09340039765218494,0.22353335632373367,0.28306012849132034,0.475
24,19,0.09261287322004172,0.048324275343520795,0.8616088235709953,0.485
22,4,0.09245536833361306,0.15873303786393622,0.8658296997871227,0.485
24,1,0.09214035856075581,0.12333378322807943,0.8658296997871229,0.485
3,14,0.0921403585607558,0.1736613491738273,0.09207501072238011,0.485
19,8,0.09182534878789853,0.04604064086692945,0.8598551175818435,0.485
17,11,0.09182534878789844,0.04685831050049158,0.8658296997871228,0.495
16,8,0.09119532924218393,0.07173298885292756,0.8658296997871231,0.5
16,14,0.08977778526432614,0.15043953158066337,0.8573825010629768,0.5
3,27,0.08899026083218296,0.13364810160572713,0.5714467304527986,0.51
4,1,0.08836024128646836,0.18478749668765465,0.6682600151210242,0.51
15,13,0.08804523151361111,0.12460701165748317,0.8658296997871229,0.51
15,20,0.08773022174075379,0.09199367427312018,0.8658296997871227,0.51
24,14,0.0874152119678965,0.15858702542937148,0.8658296997871227,0.51
23,19,0.08662768753575331,0.032070171127782536,0.5853674525281802,0.515
6,11,0.08631267776289603,0.037192287332310905,0.865829699787123,0.515
14,21,0.08599766799003872,0.09652005974462471,0.8658296997871225,0.52
29,28,0.08521014355789552,0.012895818220751016,0.7406848046978736,0.52
24,3,0.08458012401218093,0.007405750681119705,0.8658296997871229,0.525
10,12,0.08442261912575227,0.2856587269823062,0.21108738114148867,0.525
17,16,0.08442261912575227,0.06186254827635634,0.8658296997871227,0.525
15,4,0.08410760935289502,0.07391149437663233,0.7421444109248696,0.53
25,28,0.08410760935289502,0.14216354678953827,0.8658296997871227,0.53
23,17,0.08395010446646638,0.02572739097029357,0.24916785404879271,0.535
29,14,0.08379259958003776,0.012708922304508267,0.865829699787123,0.535
24,28,0.08379259958003774,0.11484754053118122,0.8658296997871229,0.535
6,10,0.08379259958003771,0.22492923519817187,0.08630738760898836,0.54
5,28,0.08316258003432314,0.19147486619071613,0.46365372133075,0.54
3,25,0.08300507514789451,0.11426933129030512,0.8359949128039688,0.54
24,29,0.0828475702614659,0.17001103830971082,0.8658296997871227,0.54
23,8,0.08237505560217995,0.054328306652819715,0.8658296997871231,0.545
0,20,0.08221755071575133,0.16854507346668163,0.19595213597424066,0.545
20,10,0.08190254094289404,0.029809898640721554,0.6948814898880296,0.545
20,22,0.08127252139717943,0.03250820843147654,0.8658296997871229,0.55
17,25,0.08111501651075083,0.028028546939032672,0.865829699787123,0.55
31,6,0.08111501651075083,0.008503764189045956,0.6875181032503472,0.55
2,29,0.08111501651075079,0.1395353229673743,0.23542685960583962,0.55
5,15,0.08095751162432219,0.19656777990833157,0.3910056337863381,0.55
13,26,0.08032749207860762,0.14456399121378133,0.8658296997871227,0.56
31,3,0.0803274920786076,-0.004993625262111468,0.8537552706630531,0.565
23,12,0.07969747253289305,0.013257929058471375,0.8658296997871227,0.575
5,4,0.0795399676464644,0.17222458681771108,0.5953123815225647,0.58
28,26,0.07938246276003574,0.14056325050670954,0.8658296997871227,0.585
5,7,0.07780741389574931,0.14105385228684683,0.7789885755727401,0.6
4,26,0.07717739435003473,0.27203868708611456,0.24503956479482566,0.6
2,26,0.0770198894636061,0.1828017275775753,0.42221288632621967,0.6
15,31,0.07686238457717748,0.12978169233845488,0.8539676760468327,0.6
23,7,0.07686238457717745,0.07388813238710197,0.8658296997871228,0.6
26,5,0.07686238457717745,0.08371184898461248,0.8658296997871229,0.6
0,8,0.07670487969074884,0.120641313934707,0.28136088542108595,0.6
5,18,0.07670487969074882,0.3542845712276978,0.12105472987852497,0.605
4,3,0.07638986991789154,0.25405579564513076,0.29048887063170387,0.61
2,4,0.0762323650314629,0.2903428058831406,0.1783388279962343,0.615
7,10,0.07434230639431919,0.19434839090294875,0.6301468644623696,0.625
14,17,0.07402729662146193,0.07086859524030471,0.8658296997871229,0.625
31,0,0.0740272966214619,0.02314005062980777,0.5018649052434567,0.625
1,0,0.07323977218931868,0.26335386747820844,0.01426383846456368,0.63
30,29,0.07229474287074686,0.020441740839052782,0.8658296997871227,0.64
28,2,0.07213723798431816,0.04811985793513029,0.8658296997871224,0.64
19,18,0.07197973309788956,0.14110057626590755,0.8658296997871227,0.64
27,10,0.07197973309788955,0.02861259667729133,0.8658296997871227,0.64
4,16,0.07166472332503228,0.23630068360206774,0.2924604282965273,0.64
4,2,0.07150721843860364,0.24524832559219015,0.5524555106261723,0.64
6,19,0.07119220866574634,0.3036124159363772,0.21910976909807603,0.645
27,11,0.07056218912003176,0.04723210233297711,0.8658296997871227,0.645
31,5,0.0702471793471745,0.013555794424983312,0.8658296997871227,0.65
28,11,0.07008967446074586,0.04189972822267562,0.8658296997871229,0.65
17,28,0.0696171598014599,0.09287558937789074,0.8658296997871231,0.66
29,23,0.06945965491503131,0.019378770315422043,0.8658296997871227,0.66
1,5,0.06945965491503128,0.13453585720788025,0.7931380419075766,0.66
1,30,0.06914464514217397,0.27707319582990414,0.1814595532502224,0.675
11,5,0.06914464514217396,0.12288406492962024,0.8658296997871229,0.675
8,0,0.06898714025574536,0.22891829491047833,0.5247066534375691,0.675
20,31,0.06898714025574536,0.13958788744381762,0.8658296997871225,0.675
5,25,0.06882963536931673,0.20865176899290308,0.4672918443144572,0.675
0,14,0.0688296353693167,0.09701066152476201,0.29014575424252215,0.68
28,21,0.06867213048288807,0.03935327136386793,0.865829699787123,0.68
2,8,0.06867213048288806,0.22033860425545876,0.1924447239959364,0.68
4,6,0.06851462559645943,0.2150120706425399,0.4339006287259731,0.68
6,16,0.06851462559645943,0.28281440475698666,0.14736576600769907,0.68
0,29,0.06813674001575694,0.05243476146198089,0.866002404853204,0.69
15,22,0.06788460605074487,0.06985234869573467,0.8658296997871228,0.69
22,31,0.06788460605074487,0.08970419929914622,0.853493848652248,0.69
15,15,0.06741209139145893,0.08358335804219554,0.8658296997871227,0.7
23,30,0.06741209139145893,0.07960597932465416,0.8658296997871227,0.7
28,12,0.06725458650503029,0.041566819871868194,0.8658296997871228,0.7
2,28,0.06693957673217302,0.3084074642874807,0.03858697805323925,0.7
7,24,0.06646706207288709,0.3164089457016242,0.268567545767302,0.7
22,17,0.06646706207288709,0.10938083498108023,0.8658296997871225,0.7
23,29,0.06646706207288705,0.12137721660491292,0.8658296997871225,0.705
21,30,0.06599454741360117,0.06224218060622449,0.7591640730866723,0.725
24,2,0.06583704252717254,0.11174039592364514,0.8658296997871228,0.725
24,16,0.06536452786788659,0.023706578875918656,0.8307828114635383,0.74
21,6,0.06489201320860064,0.01345066547209675,0.5658043720529178,0.755
30,31,0.0642619936628861,-0.015658373482714427,0.8656880961979367,0.755
21,9,0.06394698389002883,0.011517460838460593,0.865829699787123,0.755
27,8,0.06394698389002881,0.0006891786911452122,0.8658296997871229,0.755
19,30,0.06363197411717152,0.12082236935356716,0.8658296997871227,0.765
25,29,0.06363197411717152,0.09529355529428152,0.8658296997871227,0.765
26,20,0.0636319741171715,0.07423856223005715,0.865829699787123,0.765
19,19,0.06363197411717149,0.1283215679928082,0.8658296997871227,0.765
30,1,0.06347446923074285,-0.013146959608202245,0.8188118618854128,0.765
18,26,0.06300195457145695,0.02275457780255706,0.8658296997871227,0.77
20,11,0.062529439912171,0.009391519791199114,0.8658296997871227,0.78
20,18,0.06189942036645646,0.10310230029479972,0.8658296997871227,0.785
30,9,0.061426905707170514,0.022228933038124274,0.09092584313321518,0.785
14,31,0.06126940082074188,0.024787070891697148,0.8590436200899687,0.785
25,11,0.06126940082074187,0.14743751592601392,0.8658296997871227,0.785
0,19,0.060954391047884596,0.07850796581672795,0.8658296997871231,0.79
1,20,0.06048187638859866,0.08789948560792703,0.814122604566593,0.79
31,1,0.060324371502170016,-0.005898902356412373,0.8658296997871229,0.795
0,1,0.059694351956455456,0.1576525458481577,0.36289187504098597,0.8
24,30,0.059379342183598194,0.07040135544969783,0.8658296997871228,0.805
23,27,0.05937934218359815,-0.012370173456318231,0.8658296997871225,0.805
28,9,0.0590643324107409,0.038652411677957556,0.8658296997871227,0.805
0,15,0.058906827524312255,0.10705047652542818,0.8658242534952312,0.805
23,18,0.058906827524312255,0.031965042174895986,0.8658296997871229,0.805
1,2,0.05890682752431222,0.044025669269937145,0.8658296997871229,0.81
1,26,0.05874932263788359,0.0973260483834216,0.6562400489158726,0.81
23,16,0.0582768079785977,0.0060332337962118645,0.8658296997871227,0.815
1,29,0.05827680797859766,0.12780176372575808,0.8277056565446845,0.815
25,24,0.05780429331931178,0.12204887380391041,0.8658296997871229,0.82
12,9,0.05748928354645448,0.1487165848528003,0.8658296997871227,0.825
27,29,0.057489283546454446,0.13987407181556433,0.8658296997871227,0.825
23,11,0.05748928354645444,0.061120805108767835,0.8658296997871229,0.825
3,13,0.057331778660025826,0.14938824205179774,0.5713105731555037,0.825
10,28,0.05733177866002582,0.11621421691870638,0.8651598058844341,0.825
9,12,0.0571742737735972,0.11716037749468546,0.8658296997871227,0.83
28,10,0.05670175911431124,0.005326533612918899,0.8658296997871224,0.835
26,22,0.05638674934145399,0.05807206547505771,0.8658296997871229,0.84
31,2,0.05481170047716748,-0.00464319541915627,0.8658296997871229,0.865
2,10,0.054654195590738905,0.08685987707382656,0.8440336396362319,0.865
26,1,0.05449669070431026,0.04587126644283447,0.8658296997871227,0.865
16,24,0.05433918581788161,0.009911324058249288,0.8658296997871229,0.865
2,6,0.054181680931452966,0.18241625475032455,0.6666642515967338,0.865
24,17,0.05370916627216703,-0.0002160984031557016,0.8658296997871228,0.865
27,30,0.053551661385738414,0.04357011047409539,0.8658296997871227,0.865
29,26,0.053551661385738414,0.007960597932465419,0.8658296997871227,0.865
0,7,0.053394156499309745,0.13587917160587515,0.05514370540424103,0.87
6,17,0.0532366516128811,0.30253192392059874,0.1736931410125485,0.875
25,3,0.05307914672645249,0.04716201636438607,0.8658296997871227,0.875
28,5,0.05276413695359519,0.10401925838386575,0.8658296997871229,0.885
25,13,0.05244912718073791,0.0028676842148499795,0.2885064203830972,0.885
29,1,0.052449127180737895,0.12592696406594778,0.8658296997871228,0.885
29,12,0.05197661252145194,0.05168840183589062,0.8658296997871227,0.89
22,16,0.05103158320288011,0.048219146390634224,0.8658296997871228,0.9
29,11,0.05071657343002288,-0.020050427514419482,0.8249171550960945,0.905
17,8,0.050716573430022845,0.13061104296678216,0.8658296997871227,0.905
19,20,0.050716573430022824,0.005881380864264617,0.20470977333621798,0.905
5,8,0.05071657343002282,0.2575717750694478,0.2069209678442795,0.905
23,2,0.049929048997879616,0.13538856982573796,0.8658296997871228,0.915
22,18,0.049614039225022305,0.07180891531890116,0.8658296997871227,0.92
18,27,0.04945653433859372,0.00040299431939847473,0.6042116224737282,0.92
18,20,0.04945653433859369,-0.0031013041101534394,0.7836288162645341,0.92
4,0,0.04882651479287912,0.2138439711660226,0.5941141973063737,0.93
23,13,0.048511505020021856,0.023461277985850015,0.8658296997871229,0.93
1,15,0.04819649524716457,0.05852762427089944,0.8658296997871229,0.93
25,9,0.04819649524716457,0.030142806991529,0.8658133609114474,0.93
18,13,0.04788148547430729,0.10549106372427754,0.8658296997871229,0.935
2,0,0.047566475701450006,0.2862953411970082,0.17242415500176456,0.95
30,27,0.047566475701449985,-0.0123409709694053,0.7529335151624796,0.95
20,12,0.04709396104216408,0.015524042042914946,0.8658296997871227,0.95
29,5,0.046936456155735454,-0.0003037058638945007,0.8656717573222612,0.95
20,0,0.0469364561557354,0.017831038509036633,0.8658296997871229,0.95
4,21,0.04646394149644952,0.08844849236189015,0.8658296997871227,0.955
16,2,0.046463941496449494,0.09139210304271371,0.8658296997871228,0.955
29,30,0.046463941496449494,-0.011114466519062125,0.5955193406144522,0.955
29,7,0.04614893172359222,-0.015932876859696018,0.8658296997871229,0.955
28,29,0.04551891217787765,0.023951879765987283,0.8658296997871228,0.955
1,12,0.045203902405020355,0.2033369163747495,0.4966201261516756,0.955
2,25,0.0450463975185917,0.11692091710199932,0.4813705088547003,0.955
3,0,0.04488889263216309,0.09942862744115276,0.8658296997871229,0.955
17,29,0.04488889263216306,0.007872990471726612,0.7745825254322926,0.955
6,24,0.044731387745734416,0.23647589852354534,0.5577057360098455,0.955
23,9,0.044731387745734416,0.047751906600027316,0.8658296997871227,0.955
20,16,0.04441637797287716,0.09049266644579541,0.8658296997871227,0.955
30,0,0.04410136820001981,-0.00018689591624277205,0.8658296997871228,0.955
23,20,0.04394386331359122,-0.00773281853454456,0.8658296997871229,0.955
2,23,0.043943863313591215,0.09077301032015953,0.5314328239239136,0.955
24,0,0.04362885354073395,0.12194958534840633,0.8658296997871227,0.955
7,27,0.043628853540733925,0.1514966616069116,0.41945161633708894,0.955
19,26,0.043628853540733925,-0.005314852618153742,0.8322914343175605,0.955
24,25,0.04331384376787664,0.0517935307887772,0.8658296997871229,0.955
25,22,0.04299883399501937,0.12173348694525067,0.8658296997871228,0.955
30,4,0.04299883399501937,0.04094188665193144,0.8658296997871225,0.955
17,24,0.04284132910859076,-0.025814998431032382,0.865818807203339,0.955
31,18,0.042526319335733434,0.007113725811990372,0.8658296997871227,0.955
16,0,0.04252631933573342,-0.027351049242652633,0.8658296997871224,0.955
27,2,0.042368814449304834,-0.009257188351399617,0.8651489133006506,0.955
20,20,0.04189629979001887,0.007020277853868979,0.6009656325062291,0.96
24,26,0.0417387949035902,-0.004199317618079711,0.8658296997871227,0.96
30,22,0.041581290017161585,0.01842676924206043,0.8658296997871228,0.96
30,28,0.04158129001716157,-0.002575659345720658,0.8658296997871227,0.96
0,23,0.041266280244304315,0.157027612628221,0.34015360639281755,0.965
29,8,0.041108775357875674,-0.020038746519654323,0.5164881989728778,0.965
20,27,0.04095127047144702,-0.003188911570892229,0.8658296997871229,0.965
25,31,0.040321250925732445,0.06554206162738585,0.8658296997871229,0.965
31,14,0.04000624115287514,0.005898902356412385,0.8658296997871227,0.97
25,15,0.04000624115287511,0.005583515497752706,0.7733407708809676,0.97
1,16,0.03984873626644652,0.22434518545991308,0.5628034652205485,0.975
31,4,0.03984873626644652,0.025119979242504573,0.8658296997871229,0.975
16,27,0.0398487362664465,-0.015477318063854275,0.8650998966736247,0.975
19,4,0.039691231380017886,0.09259524550352657,0.8658296997871229,0.975
1,24,0.03953372649358923,0.1418423194334961,0.39077144323499186,0.975
22,9,0.0395337264935892,0.008562169162871825,0.8658296997871228,0.975
27,3,0.039376221607160596,-0.0013082714136993822,0.8658296997871229,0.975
31,8,0.03937622160716057,0.0037437588222379563,0.8626708504898921,0.975
24,11,0.03921871672073194,-0.00981203560274534,0.8658296997871229,0.975
30,19,0.03921871672073194,0.01402303421559023,0.8658296997871225,0.975
23,24,0.03921871672073193,0.008690660105288755,0.8658296997871227,0.975
27,17,0.039218716720731926,0.015553244529827873,0.8658296997871228,0.975
18,4,0.03906121183430332,0.020184758954218982,0.8658296997871225,0.98
20,9,0.03906121183430329,-0.0024413279059211533,0.3741711455488559,0.98
1,19,0.03874620206144603,0.17849728100660894,0.04510074315580444,0.98
22,2,0.03843119228858876,0.0825729519950081,0.8658296997871228,0.98
30,30,0.03843119228858875,0.004246041597140411,0.8658296997871227,0.98
3,4,0.038431192288588746,0.21477261024985383,0.22042232544399432,0.98
22,19,0.03843119228858874,0.015564925524593057,0.8658296997871229,0.98
15,0,0.03843119228858871,0.019186033901796695,0.4586104550389648,0.98
30,21,0.0382736874021601,-0.009847078587040856,0.8604923337331813,0.98
22,5,0.0379586776293028,0.16658266634613259,0.8658296997871229,0.985
21,20,0.037958677629302794,0.07677917859148226,0.8658296997871227,0.985
29,31,0.03780117274287417,-0.0025406163614251345,0.029753092604777147,0.985
29,2,0.03764366785644553,0.01138312939866111,0.23673941595175785,0.985
21,0,0.03764366785644551,-0.02057607227885228,0.6267756097813597,0.99
29,6,0.03748616297001686,0.0591525574908362,0.8658296997871225,0.99
31,23,0.03732865808358825,0.003013696649414626,0.8658296997871231,0.99
3,2,0.037328658083588234,0.2829020122177255,0.13654943031063016,0.99
21,7,0.03717115319715959,0.08166767490070716,0.8658296997871229,0.99
31,9,0.03717115319715958,-0.005659441963726334,0.8658296997871227,0.99
27,14,0.037013648310730986,0.13785325972118945,0.8658296997871229,0.99
31,12,0.03669863853787371,0.0033407645028394805,0.8658296997871228,0.99
29,15,0.03669863853787367,0.020669520236973656,0.8658296997871228,0.99
18,31,0.036541133651445026,-0.022246454530272016,0.4823617339790037,0.995
28,23,0.036541133651445026,-0.02140542290717958,0.8658296997871232,0.995
19,2,0.03654113365144501,-0.02287722824759137,0.8320681363499977,0.995
20,19,0.03638362876501641,0.07756764573813149,0.865829699787123,0.995
27,23,0.036068618992159074,-0.020021225027506567,0.7414200541032632,0.995
2,22,0.035753609219301825,0.14095456383134286,0.2350891895085493,0.995
19,15,0.03575360921930181,0.06554790212476841,0.8658296997871229,0.995
18,3,0.035596104332873205,0.10138519406431928,0.8658296997871231,0.995
2,3,0.03559610433287318,0.14872826584756554,0.6700246136939603,0.995
25,8,0.03559610433287318,0.0619676772292429,0.8658296997871229,0.995
16,21,0.03543859944644453,-0.020371654870461747,0.8642393825547239,0.995
26,16,0.03528109456001589,0.08040612746606851,0.8658296997871231,0.995
21,8,0.03480857990072997,-0.012399375943231164,0.8658296997871229,0.995
24,9,0.03465107501430137,0.022351583483158566,0.865829699787123,0.995
22,24,0.03465107501430131,0.004403735026470243,0.8658296997871229,0.995
28,4,0.03433606524144406,0.04764093714975818,0.8658296997871229,0.995
19,23,0.03433606524144399,-0.00699107536695606,0.7384191472708942,0.995
30,25,0.03402105546858675,-0.014478593011431964,0.8658296997871228,0.995
27,31,0.03402105546858674,-1.1680994765174771e-05,0.865829699787123,0.995
26,3,0.03386355058215809,0.05171760432280356,0.8658296997871229,0.995
22,27,0.03370604569572945,-0.011260478953626791,0.5386110366372754,0.995
18,2,0.033548540809300836,0.09907235710081502,0.865829699787123,0.995
20,29,0.03354854080930081,-0.006126681754333264,0.47965492690879064,0.995
22,25,0.03354854080930081,-0.01128968144053974,0.8658296997871225,0.995
29,4,0.03339103592287218,0.01750397065561176,0.8658296997871227,0.995
15,28,0.033233531036443525,0.030598365787370733,0.8626654041980003,0.995
17,27,0.0332335310364435,-0.015927036362313414,0.8658296997871228,0.995
24,12,0.03291852126358625,0.08638679678583709,0.8658296997871228,0.995
21,23,0.032761016377157635,0.13291803943290387,0.8658296997871229,0.995
21,11,0.0327610163771576,-0.004841772330164206,0.2852005212047886,0.995
15,1,0.03228850171787169,0.09717419545147439,0.8655029222736159,0.995
26,13,0.03228850171787165,-0.027520423666747645,0.865829699787123,0.995
15,2,0.03197349194501439,0.0658516079886629,0.8658296997871231,0.995
31,7,0.03150097728572848,-0.008392794738776823,0.20145289078493536,0.995
10,2,0.03118596751287118,0.0852128568119372,0.8645552674844469,0.995
21,5,0.03118596751287113,-0.013555794424983291,0.8623386266844938,0.995
27,13,0.03102846262644253,0.07850212531934529,0.8658296997871227,0.995
29,21,0.030870957740013895,-0.001197301963430225,0.8658296997871227,0.995
23,4,0.030870957740013888,0.03273014733201481,0.8658296997871231,0.995
4,27,0.03039844308072798,0.23010391587914336,0.2744223095509622,0.995
26,21,0.03008343330787075,0.004643195419156287,0.8658296997871227,0.995
28,3,0.029610918648584783,-0.002692469293372367,0.8658296997871227,0.995
19,29,0.02913840398929883,0.06752199024008268,0.8658296997871229,0.995
19,25,0.028980899102870182,0.049690951731046054,0.8658296997871228,0.995
27,1,0.028823394216441506,-0.01925611987038773,0.8514950595279659,0.995
18,1,0.028665889330012906,0.11450295118560858,0.8658296997871225,0.995
19,28,0.028508384443584292,0.03160293133717562,0.8658296997871228,0.995
24,8,0.028350879557155616,0.03746095021190988,0.8658296997871228,0.995
28,25,0.028350879557155588,0.006885946414069505,0.8658296997871227,0.995
0,9,0.028035869784298333,0.06924493696794572,0.8658296997871227,0.995
18,24,0.027878364897869753,-0.009578415707441884,0.850471156652312,0.995
25,4,0.027720860011441084,-0.014846544346534919,0.8649746319601137,0.995
26,4,0.02772086001144103,0.06741102078981348,0.8658296997871229,0.995
19,1,0.0275633551250124,-0.0024997328797470245,0.8658296997871227,0.995
29,29,0.0275633551250124,0.09658430521583317,0.8658296997871224,0.995
27,20,0.02740585023858378,-0.03402089725356643,0.8658296997871229,0.995
31,28,0.02724834535215514,-0.0055543130108397735,0.8505092806955546,0.995
19,5,0.027090840465726483,0.05948546584164362,0.8658296997871228,0.995
27,24,0.02693333557929785,-0.009537532225763768,0.8658296997871231,0.995
31,31,0.02693333557929785,0.011558344320138702,0.8658296997871228,0.995
31,10,0.026618325806440538,-0.01698416638856157,0.8658296997871228,1.0
1,14,0.026145811147154613,0.06292551879998709,0.8658296997871228,1.0
29,25,0.025988306260726,-0.006915148900982421,0.8658296997871229,1.0
19,13,0.025988306260725985,-0.025633943012172193,0.5094570361405938,1.0
6,14,0.02598830626072598,0.0594212203704352,0.8658296997871225,1.0
31,11,0.025830801374297344,-0.010974294581880064,0.865829699787123,1.0
31,16,0.02583080137429734,-0.010413606833151751,0.8658296997871227,1.0
23,22,0.025673296487868758,-0.031048084085829895,0.8658296997871227,1.0
18,9,0.025673296487868674,0.0006074117277889909,0.8658296997871229,1.0
28,8,0.02520078182858277,-0.0013900383770555878,0.8658296997871229,1.0
23,10,0.025043276942154136,-0.009169580890660832,0.8658296997871229,1.0
30,26,0.025043276942154132,-0.02100242858778109,0.2623369878431091,1.0
13,8,0.025043276942154122,0.08004985712573076,0.865829699787123,1.0
22,10,0.024885772055725494,-0.017930326964540597,0.4212271074938081,1.0
28,0,0.024885772055725494,-0.011447374869869565,0.211419604946887,1.0
20,6,0.02457076228286819,0.08840760888021204,0.8658296997871227,1.0
19,11,0.02457076228286817,0.05952634932332171,0.8658296997871227,1.0
20,14,0.024413257396439597,-0.02096154510610299,0.8658296997871227,1.0
18,29,0.02425575251001097,-0.022299019006715305,0.8658296997871227,1.0
25,2,0.024255752510010928,0.09818460149866184,0.8658296997871227,1.0
17,4,0.024255752510010893,-0.02119516500140646,0.28637692025341244,1.0
3,7,0.024098247623582283,0.34693138502302134,0.1040241751329386,1.0
26,26,0.02409824762358226,-0.022047877619264085,0.7862321437888036,1.0
30,24,0.02394074273715364,-0.005116275707145779,0.8658296997871227,1.0
24,24,0.023940742737153627,-0.026474974635264655,0.5902037597280777,1.0
24,23,0.023625732964296375,-0.027964301467824214,0.8658296997871228,1.0
22,7,0.023468228077867734,0.10217950170835102,0.8658296997871229,1.0
27,15,0.02283820853215316,0.07679670008363007,0.8658296997871228,1.0
18,11,0.022838208532153126,-0.02504989327391355,0.8511737283063512,1.0
30,6,0.022523198759295877,-0.01573429994868804,0.865644525862802,1.0
20,23,0.022365693872867257,-0.02020228044636674,0.8658296997871225,1.0
27,26,0.022365693872867215,-0.004345330052644375,0.5605378077935693,1.0
18,28,0.022208188986438587,-0.011552503822756126,0.8658296997871227,1.0
0,25,0.022208188986438573,0.1853657059285308,0.6986612164609232,1.0
21,4,0.022208188986438573,-0.0016061367802112595,0.8658296997871229,1.0
24,20,0.022208188986438563,0.02099074759301593,0.8658296997871229,1.0
23,21,0.022050684100009918,-0.019513101755221543,0.865829699787123,1.0
14,23,0.021893179213581297,0.03016616898105931,0.865829699787123,1.0
19,3,0.02189317921358129,-0.027537945158895412,0.8658296997871231,1.0
20,2,0.02189317921358129,-0.016464362121511388,0.8658296997871229,1.0
17,30,0.021893179213581283,-0.013111916623906726,0.8576384767818901,1.0
31,24,0.021893179213581283,0.014688850917205076,0.8658296997871229,1.0
5,13,0.021735674327152628,0.22793125085282123,0.1091273506355335,1.0
28,30,0.02173567432715261,-0.02203035612711632,0.7383537917681929,1.0
29,9,0.02157816944072405,-0.027000619399697452,0.4919853317517735,1.0
19,31,0.021578169440723986,0.040480487358707094,0.8658296997871229,1.0
31,17,0.021420664554295393,0.005192202173119423,0.8635531497763602,1.0
16,9,0.021420664554295366,0.05092329667877181,0.8658296997871229,1.0
0,5,0.021263159667866724,0.13289467744337347,0.25272972894601475,1.0
25,27,0.021263159667866717,0.018426769242060447,0.8658296997871225,1.0
15,14,0.02110565478143809,0.040719947751393155,0.8658296997871227,1.0
26,24,0.02094814989500943,-0.019425494294482742,0.8258865950528309,1.0
31,19,0.0209481498950094,-0.011727718744233723,0.8658296997871227,1.0
16,19,0.020790645008580827,-0.025593059530494094,0.8658296997871229,1.0
20,24,0.020475635235723502,0.04794464301365268,0.8658296997871227,1.0
29,19,0.02047563523572349,0.013485708456392267,0.8658296997871227,1.0
28,6,0.02031813034929486,0.027964301467824235,0.8658296997871227,1.0
30,2,0.020318130349294857,-0.011383129398661103,0.16958119063425697,1.0
22,11,0.02031813034929485,-0.02618294976613534,0.30106556948553465,1.0
20,21,0.020318130349294847,-0.022193890053828734,0.8651598058844344,1.0
26,23,0.020160625462866205,-9.344795812139123e-05,0.8658296997871231,1.0
25,14,0.020160625462866195,-0.02635816468761294,0.16567619934785296,1.0
19,27,0.02000312057643759,-0.024711144425723534,0.865829699787123,1.0
14,18,0.02000312057643758,-0.00209673856034856,0.8658296997871229,1.0
27,0,0.01984561569000894,-0.02716415332640987,0.8658296997871229,1.0
21,1,0.019845615690008936,-0.02545288759331201,0.488336316184283,1.0
26,15,0.019845615690008936,-0.015243698168550797,0.8658296997871225,1.0
31,29,0.019845615690008922,-0.025441206598546852,0.8631446778844765,1.0
23,26,0.019530605917151667,0.04674150055283984,0.8658296997871227,1.0
14,0,0.01953060591715166,0.0582355994017701,0.8658296997871231,1.0
18,23,0.019373101030723025,-0.0013725168849078213,0.8658296997871229,1.0
29,24,0.019058091257865714,0.001798873193836652,0.8658296997871227,1.0
25,6,0.018743081485008417,0.00861473363931511,0.8238278967177395,1.0
17,14,0.01858557659857983,0.03328499458336051,0.8658296997871229,1.0
29,13,0.018585576598579817,-0.029009750499307208,0.44759805283379195,1.0
20,26,0.018585576598579786,-0.021866822200403896,0.2345173288599129,1.0
14,22,0.018428071712151144,0.009058611440391693,0.8658296997871228,1.0
28,7,0.01827056682572252,0.08516029233549391,0.8658296997871231,1.0
11,30,0.018270566825722513,0.32969023674962594,0.36356721523556623,1.0
21,2,0.01811306193929388,-0.014671329425057313,0.8658296997871228,1.0
29,20,0.01811306193929388,-0.011289681440539726,0.8658296997871229,1.0
28,22,0.017955557052865237,-0.004666557408686616,0.7963894781669677,1.0
29,3,0.017955557052865223,7.008596859105014e-05,0.8658296997871227,1.0
25,5,0.017798052166436602,-0.018274916310113187,0.38948611834853253,1.0
27,6,0.017798052166436568,-0.020260685420192617,0.8658296997871229,1.0
18,19,0.017640547280007954,0.07808745000518168,0.8658296997871225,1.0
20,28,0.017640547280007947,-0.022474233928192887,0.4180464730290105,1.0
28,17,0.01748304239357932,0.025447047095929445,0.8658296997871228,1.0
29,10,0.01732553750715065,0.040381198903203123,0.8658296997871229,1.0
21,3,0.017325537507150646,0.06536100620852568,0.8658296997871231,1.0
26,0,0.017168032620722022,0.010635545733690037,0.865829699787123,1.0
26,2,0.01701052773429343,0.018251554320582862,0.8658296997871229,1.0
30,18,0.017010527734293374,-0.003153868586596719,0.8658296997871229,1.0
27,18,0.016695517961436094,-0.020651998744825907,0.8658296997871228,1.0
23,6,0.016695517961436084,0.09029408953478744,0.5347931860211398,1.0
24,31,0.016695517961436077,0.015611649503653739,0.8658296997871227,1.0
16,25,0.016538013075007456,-0.003656151361499181,0.8658296997871228,1.0
21,31,0.01653801307500745,-0.01184452869188544,0.5644427990799733,1.0
26,27,0.016538013075007425,-0.026171268771370163,0.7819840361132174,1.0
18,18,0.016380508188578835,0.0062434917019849896,0.8658296997871232,1.0
6,2,0.016380508188578814,0.15241361969597764,0.3518740265439212,1.0
30,20,0.016223003302150166,0.007154609293668474,0.8658296997871227,1.0
19,14,0.01590799352929287,-0.027829970028024724,0.7140415447633007,1.0
26,18,0.01575048864286422,0.09659014571321578,0.8658296997871229,1.0
18,30,0.015592983756435572,0.025704028980763245,0.8658296997871227,1.0
28,20,0.015435478870006944,-0.028104473405006294,0.338089461765834,1.0
29,17,0.015277973983578316,0.034050099740479366,0.8658296997871227,1.0
22,30,0.015120469097149702,-0.029389382829175317,0.7238884405036337,1.0
26,10,0.015120469097149668,0.10775133621133856,0.8658296997871228,1.0
26,30,0.014962964210721033,-0.03154452636334976,0.753510822103008,1.0
17,9,0.014805459324292395,0.1287537647991197,0.8658296997871229,1.0
22,13,0.014490449551435067,0.010244232409056742,0.8658296997871228,1.0
24,4,0.014332944665006446,0.03094295513294334,0.8658296997871228,1.0
26,31,0.014332944665006439,-0.014554519477405582,0.12480722499195922,1.0
18,22,0.014332944665006397,-0.02577411494935427,0.8658296997871229,1.0
14,12,0.014017934892149211,0.025756593457206517,0.8658296997871228,1.0
28,16,0.014017934892149172,0.03302217220114414,0.8658296997871228,1.0
31,27,0.013545420232863259,-0.02010299199086276,0.8658296997871229,1.0
19,9,0.013545420232863231,-0.006804179450713278,0.7315568194872551,1.0
18,8,0.013387915346434597,-0.034733437934241974,0.5845123847011711,1.0
27,16,0.013387915346434593,-0.02990918709622553,0.5900022469280822,1.0
26,7,0.013230410460005962,0.015226176676403018,0.8315507386202792,1.0
30,3,0.013230410460005962,-0.026276397724256738,0.6580536641158344,1.0
24,10,0.013230410460005948,-0.01565253298533186,0.8658296997871228,1.0
3,12,0.013072905573577306,0.01655196958225019,0.8658296997871227,1.0
25,21,0.013072905573577306,0.03576720597095978,0.8658296997871227,1.0
15,30,0.012757895800720016,0.02346711848323254,0.8658296997871227,1.0
6,25,0.012442886027862744,0.13122429519195375,0.41465343318043346,1.0
18,17,0.01228538114143407,-0.020260685420192603,0.8658296997871229,1.0
4,20,0.01212787625500546,0.07165122188957135,0.8634224387709573,1.0
27,4,0.011970371368576871,-0.025575538038346335,0.8658296997871231,1.0
0,18,0.011970371368576826,0.096911373069258,0.865829699787123,1.0
21,21,0.01165536159571956,-0.009601777696972222,0.8658296997871225,1.0
24,22,0.011655361595719508,-0.03746679070929247,0.8658296997871227,1.0
1,22,0.01149785670929089,0.020143875472540883,0.8549589011711363,1.0
16,11,0.011340351822862266,-0.03443557256773008,0.07140088670119502,1.0
28,15,0.011182846936433635,-0.031077286572742828,0.697898735596074,1.0
27,21,0.011182846936433621,-0.011021018560940746,0.8658296997871229,1.0
20,25,0.011182846936433614,-0.0034458934557260353,0.8656935424898283,1.0
27,22,0.011182846936433607,-0.02923168939984549,0.4411441969420363,1.0
2,14,0.01102534205000498,0.06968881476902228,0.2040235405578541,1.0
26,28,0.010867837163576317,-0.0346049469918251,0.3069148869773031,1.0
22,23,0.010710332277147669,-0.004526385471504545,0.8658296997871227,1.0
22,15,0.009922807845004461,-0.037151403850632786,0.8502097346415064,1.0
29,27,0.009922807845004433,-0.013993831728677283,0.8658296997871229,1.0
26,19,0.009765302958575806,0.01432674007948472,0.8658296997871227,1.0
18,25,0.009607798072147185,-0.01179196421544216,0.6142491384302728,1.0
25,0,0.00960779807214715,0.05965484026573863,0.8658296997871225,1.0
22,8,0.009450293185718543,-0.02786501301232025,0.2552840398432581,1.0
30,13,0.009292788299289895,-0.027456178195539187,0.6142055680951388,1.0
23,1,0.00913528341286124,0.04833595633828598,0.8658296997871229,1.0
26,12,0.008977778526432625,-0.03470423544732906,0.8032191281992556,1.0
26,29,0.008977778526432612,-0.03322658960953466,0.08446654094956776,1.0
22,22,0.008820273640003984,0.00811829136179526,0.8658296997871228,1.0
22,26,0.00882027364000397,0.10651899126361282,0.8658296997871228,1.0
30,8,0.00882027364000397,-0.021901865184699408,0.8658296997871224,1.0
25,25,0.008662768753575356,-0.00873738408434942,0.8654702445222655,1.0
23,14,0.008505263867146695,0.020190599451601555,0.8658296997871228,1.0
25,7,0.00850526386714668,-0.037233170813989,0.40951757992648785,1.0
0,2,0.008505263867146676,0.04277580283006363,0.8658296997871227,1.0
23,23,0.008347758980718045,-0.021037471572076628,0.8658296997871229,1.0
26,8,0.008032749207860776,0.029920868090990694,0.8658296997871227,1.0
29,22,0.0077177394350034685,-0.028986388509776848,0.8658296997871229,1.0
27,19,0.007560234548574824,-0.03469255445256388,0.6786297548829674,1.0
31,20,0.007560234548574796,0.0033699669897524383,0.8579543617116135,1.0
31,15,0.007245224775717565,-0.020961545106103,0.8630030742952908,1.0
0,6,0.007245224775717554,0.14155613506174924,0.2548047661567818,1.0
30,5,0.006772710116431643,0.026328962200700003,0.8658296997871227,1.0
1,1,0.006772710116431619,0.21365123475239717,0.3609148710842709,1.0
19,22,0.006772710116431619,-0.03385152282947142,0.8658296997871228,1.0
26,14,0.0064577003435743255,0.05599868890423946,0.8311313741446121,1.0
17,2,0.006142690570717042,0.0881798294822912,0.8658296997871228,1.0
20,1,0.005985185684288415,0.04490174387732508,0.8658296997871228,1.0
30,12,0.005985185684288352,-0.022742896807791874,0.8474593572361595,1.0
3,9,0.005827680797859759,0.10791487013805096,0.6972724120285196,1.0
16,23,0.005670175911431152,-0.02000954403274139,0.8658296997871228,1.0
23,0,0.005670175911431144,0.0274503376981566,0.8658296997871229,1.0
31,25,0.005355166138573855,-0.004251882094522982,0.8658296997871227,1.0
31,22,0.005040156365716558,0.06518579128704807,0.7362351842222916,1.0
28,14,0.004882651479287903,-0.026731956520098465,0.13072734427832067,1.0
2,12,0.004725146592859299,0.000519804267050214,0.8658296997871229,1.0
28,27,0.004725146592859275,-0.02524847018492149,0.8241002113123284,1.0
29,18,0.004725146592859275,0.0042343606023752325,0.8658296997871227,1.0
24,5,0.003307602615001525,-0.019863531598176727,0.8658296997871228,1.0
22,20,0.0033076026150015148,-0.010104060471874675,0.8658296997871231,1.0
22,6,0.003307602615001487,0.04094772714931403,0.8658296997871231,1.0
27,27,0.003307602615001487,-0.0203074093992533,0.8658296997871228,1.0
18,21,0.0031500977285728593,-0.00978283311583241,0.8658296997871224,1.0
26,6,0.00299259284214419,0.013608358901426584,0.8658296997871227,1.0
28,19,0.002835087955715576,0.013900383770555892,0.8658296997871229,1.0
8,14,0.0028350879557155484,0.020529348299791614,0.8658296997871227,1.0
25,1,0.0026775830692869484,0.07545338568563514,0.8658296997871227,1.0
16,1,0.0023625732964296306,-0.024611855970219552,0.8658296997871228,1.0
30,11,0.0023625732964296237,-0.03219866207019944,0.8658296997871229,1.0
28,13,0.0022050684100010133,-0.01110278552429695,0.02426867666975783,1.0
18,5,0.0018900586371437059,-0.037460950211909885,0.8658296997871228,1.0
28,18,0.001732553750715085,-0.0026107023300161645,0.8658296997871231,1.0
22,14,0.001417543977857788,-0.03827861984547201,0.8658296997871231,1.0
30,10,0.0012600390914291465,0.020050427514419492,0.8658296997871228,1.0
30,15,0.001102534205000505,-0.039300706887424645,0.39208944587280176,1.0
9,2,0.0011025342050004945,0.056816358537801634,0.8658296997871229,1.0
26,25,0.0009450293185718633,-0.026848766467750196,0.8658079146195556,1.0
19,21,0.0007875244321432218,-0.01593871735707859,0.8658296997871227,1.0
30,7,0.000787524432143194,0.01372516884907829,0.8658296997871228,1.0
0,30,0.0006300476805048884,0.06027464381640055,0.865839910769824,1.0
30,17,0.00031500977285728315,-0.01196133863953716,0.8658296997871229,1.0
24,27,-0.0009450293185718633,-0.012154075053162535,0.8658296997871227,1.0
28,1,-0.0012600390914291465,-0.02504405277653097,0.8620772046736883,1.0
29,16,-0.0012600390914291465,0.006301896675810841,0.8658296997871227,1.0
30,14,-0.0015750488642864297,-0.03489113136357182,0.12660450131624557,1.0
28,24,-0.001890058637143699,-0.03456990400752957,0.8658296997871228,1.0
17,26,-0.0020475635235723336,0.013433143979948967,0.8658296997871229,1.0
15,29,-0.0022050684100010085,0.009852919084423449,0.8658296997871229,1.0
22,21,-0.0023625732964296375,-0.024477524530420076,0.8159634512260135,1.0
27,5,-0.0025200781828582375,-0.0193028438494484,0.8658296997871227,1.0
27,28,-0.002992592842144211,0.05450352157429733,0.8658296997871227,1.0
27,25,-0.002992592842144216,-0.01993361756676775,0.8655846166519928,1.0
31,13,-0.0031500977285728454,-0.02829136932124908,0.8553183564359932,1.0
0,17,-0.003465107501430146,0.07314638921951347,0.3264779674525655,1.0
14,20,-0.003780117274287391,0.041736194295963217,0.865829699787123,1.0
21,22,-0.004095127047144695,0.01418656814230264,0.8658296997871231,1.0
17,31,-0.0045676417064306335,0.009298071833077726,0.8658296997871229,1.0
31,21,-0.005040156365716572,0.13483956307177475,0.26549583714033986,1.0
2,5,-0.0051976612521452,0.24405686412614253,0.12046653035421309,1.0
2,1,-0.005197661252145214,0.024185499661290764,0.8658296997871228,1.0
8,9,-0.005512671025002476,0.06468350851214562,0.781096290534858,1.0
22,12,-0.005512671025002483,-0.0352006777248489,0.8658296997871228,1.0
19,0,-0.005827680797859766,-0.024477524530420076,0.8658296997871229,1.0
24,7,-0.005827680797859773,0.026212152253048245,0.8658296997871224,1.0
31,30,-0.006300195457145691,0.047734385107879515,0.34348129073869305,1.0
1,4,-0.00645770034357435,0.2267923538632169,0.10842477898149427,1.0
6,3,-0.006930215002860262,0.22734136061718002,0.36218930338694666,1.0
18,6,-0.008190254094289404,-0.03037642688683246,0.8658296997871227,1.0
16,3,-0.008190254094289418,-0.034774321415920094,0.8658296997871229,1.0
24,6,-0.008662768753575356,0.030504917829249346,0.8658296997871229,1.0
27,7,-0.009922807845004433,-0.028484105734874424,0.8658296997871231,1.0
1,17,-0.010237817617861755,0.15216831880590898,0.22927799606002353,1.0
22,28,-0.010395322504290413,-0.03391576830067988,0.8658296997871229,1.0
30,23,-0.010552827390719069,-0.0041993176180797065,0.8658296997871228,1.0
22,29,-0.011025342050004966,-0.03451149903370371,0.8658296997871229,1.0
27,12,-0.0111828469364336,0.13900967820294163,0.8658296997871227,1.0
21,29,-0.012127876255005481,0.07844956084290203,0.8308372743824564,1.0
0,3,-0.012600390914291392,0.016219061231442726,0.8658296997871231,1.0
6,29,-0.013072905573577324,0.11166446945767153,0.6973758915744636,1.0
1,18,-0.013545420232863243,0.17859072896473038,0.2647224636917075,1.0
26,9,-0.014017934892149161,0.12766743228595862,0.8658296997871225,1.0
24,21,-0.014647954437863731,0.04525801421766287,0.8658296997871229,1.0
1,25,-0.015120469097149675,0.11967763186658024,0.5859828835119509,1.0
19,24,-0.015120469097149696,-0.029617162227096185,0.865829699787123,1.0
30,16,-0.015592983756435558,-0.019705838168846898,0.8658296997871227,1.0
2,9,-0.01701052773429338,0.29809898640721555,0.11830435247317761,1.0
31,26,-0.0174830423935793,-0.006815860445478435,0.8658296997871225,1.0
3,16,-0.01874308148500844,0.23745710208381976,0.2247085571628228,1.0
2,21,-0.019845615690008936,0.08037108448177296,0.12447500118656078,1.0
3,5,-0.020475635235723502,0.32000085159191494,0.35152546386284755,1.0
0,16,-0.020948149895009448,0.08205314772795796,0.2286189947411185,1.0
20,15,-0.022995713418581795,-0.018158106362461467,0.8658296997871227,1.0
8,3,-0.023153218305010395,0.13264937655330486,0.6289704654137458,1.0
16,20,-0.023783237850725017,-0.012013903115980464,0.8658296997871227,1.0
20,13,-0.024255752510010893,-0.012796529765247033,0.8658296997871227,1.0
5,6,-0.02472826716929686,0.20571399880946217,0.26147647372420846,1.0
23,3,-0.02583080137429735,0.09135121956103562,0.8658296997871227,1.0
25,26,-0.027090840465726476,0.005904742853794966,0.865829699787123,1.0
26,17,-0.027720860011441056,0.14625773545473142,0.8658296997871229,1.0
0,24,-0.029925928421442052,0.11975355833255387,0.8426502814957203,1.0
6,0,-0.033076026150014905,0.15421833338719687,0.29626194003698736,1.0
0,26,-0.03654113365144502,0.12471798110775234,0.827651193625767,1.0
0,4,-0.03780117274287416,0.1302781346159747,0.22263896624394752,1.0
5,5,-0.038273687402160084,0.2923928204644286,0.21872852866565162,1.0
26,11,-0.03984873626644651,0.09524683131522091,0.8658296997871227,1.0
2,15,-0.04914152456573641,0.01747476816869885,0.8658296997871227,1.0
6,9,-0.04914152456573642,0.027648914609164556,0.8392354564795762,1.0
6,18,-0.05134659297573742,0.24881102899556803,0.12983959869996103,1.0
2,30,-0.05607173956859667,0.24980975404799033,0.12247076577038696,1.0
1,23,-0.05670175911431126,-0.021557275839126817,0.7096845112498791,1.0
0,21,-0.059221837297169524,0.09897890914269358,0.8621643453439567,1.0
6,28,-0.06567953764074387,0.28754520763688174,0.1445881571428928,1.0
8,1,-0.07229474287074683,0.06555958311953361,0.7775180767619605,1.0
7,11,-0.07701988946360608,0.05954387081546948,0.8658296997871229,1.0
8,11,-0.0770198894636061,0.17540181739383814,0.3098449920150791,1.0
5,24,-0.1082058569764773,0.1889167283371433,0.3306661659173421,1.0
5,12,-0.12127876255005463,0.017871921990714707,0.8360711608904534,1.0
5,1,-0.18270566825722517,0.19284738307562402,0.45183526792559436,1.0
0,31,nan,-0.03108349360801041,1.0000000000000018,nan
