Rating_ID,Item,Parsed_Ideas,Rater_ID,Originality_1_to_5,Usefulness_1_to_5,Valid_Use_0_or_1,Notes
bf22579f3b0adc19f31d,paperclip,Plant marker,,,,,
093a20b5ae287ee2caad,can,Pen holder,,,,,
228937856df4db55b075,fork,Sculpting tool,,,,,
34be71fe5e343c16f8ea,towel,Drop cloth,,,,,
f6400268bed466efafbb,fork,Picture hook,,,,,
17ec14d2a190428df970,fork,Hair accessory,,,,,
d8d4d0edd0cda73c49c2,towel,Cleaning up spills,,,,,
34472094c59862d43952,book,Paperweight,,,,,
983c55692d39d16114b8,book,Kindling,,,,,
63d70ded219a631591f5,book,Bookmark holder,,,,,
5d21a6043a89986bcf45,can,Planter,,,,,
c61449b9bcd0bbaa9070,paperclip,Bookmark,,,,,
0570525bcb4e98bff9d7,paperclip,Cable organizer,,,,,
8e1870b3097b71dad49b,fork,DIY craft tool,,,,,
dfcfab7b5e5a85534ef1,can,Craft project material,,,,,
0bde36fef12c8b8ca9fe,can,Planter,,,,,
f235567906432b527a97,can,Drum,,,,,
64acf37bfa521602e94b,towel,Table runner,,,,,
8d2d9d96eb281afe1360,can,Pen holder,,,,,
a8583a8c8d04aa39789d,can,Shelf decoration,,,,,
8162eabacad16ce5dbd3,book,Step stool,,,,,
66a759814e178e94366f,towel,Photo prop,,,,,
a9b2b8053c6fbd17d22c,can,Gift container,,,,,
b575a42b49677232c0a2,towel,Serving as a drop cloth,,,,,
be58bda6d6e3f788e03e,fork,Plant label,,,,,
c1cc6156d7d737639f64,paperclip,Wind chime component,,,,,
60f296f95081fdcb0feb,book,Building material for a fort,,,,,
0a4fd40c303e305b77ae,paperclip,Wind chime component,,,,,
742a6cb5ee707b632be4,can,Drum,,,,,
a419f6b3cb84fd237995,can,DIY lamp,,,,,
d88b55b72316fb8f1b5c,paperclip,Emergency needle threader,,,,,
56be7b8bf666a05b716c,towel,Dusting furniture,,,,,
39e195fb50dc1c16852a,paperclip,Plant marker,,,,,
a5d214cb8fb289e19453,book,Doorstop,,,,,
0fd59da9392a802c4987,towel,Curtain or room divider,,,,,
cf88130948fecc273090,can,Robot body,,,,,
6b906e142c65b724e417,fork,Jewelry maker,,,,,
8dde713b72901e728c94,towel,Polishing cloth,,,,,
ea563f2a86618e76a3d5,book,Pressing flowers,,,,,
ab37a7e89cc7020d3d18,towel,Insulating pipes,,,,,
5439855f855557f94f8d,fork,Drumstick,,,,,
579749436e15cd8c790c,towel,Securing plants,,,,,
46f18905c08f2d4c8f17,can,Gift container,,,,,
df0723ef080ebd479cc4,paperclip,Bag seal,,,,,
9a6cddc98b224ea45ac7,fork,Cable organizer,,,,,
9ea8435401f8ef71c698,fork,Garden marker,,,,,
5cced4788287c1e6c1cb,paperclip,Cable organizer,,,,,
91978fa428493aa3ce70,towel,Making a makeshift rope,,,,,
194a748a0cd45c2bad83,can,Pen holder,,,,,
96b7e65fe2a333f4cbde,can,Gift container,,,,,
bbc7c97f552d2eb8c3fc,towel,Picnic blanket,,,,,
2a5abadf4f007bcf0846,paperclip,Bag seal,,,,,
b5f30daddfc1d048b4e8,can,Sculpture material,,,,,
7d81bc5b5d5b3b3d4a6c,book,Birdhouse insulation,,,,,
3431a5b8590e03e28af6,paperclip,Plant marker,,,,,
10954105e0bee16cc166,fork,Impromptu microphone stand,,,,,
47800a757b654fa434eb,paperclip,Bag seal,,,,,
7f78b5d38f0d2d01929f,fork,Pencil holder,,,,,
1b2366c1577bb342bbb0,towel,Plant cover,,,,,
bcf126aeb648edbcc52b,fork,Wind chime component,,,,,
b842daee39e9fe5da94c,towel,Signaling for help,,,,,
16fe7c3d0c66ed7f23a9,book,Stepping stool,,,,,
26d02c1e8c668f79a818,book,Gift wrap,,,,,
d1d1f6e590a2423600c3,fork,Geometric shape demonstration aid,,,,,
cbac353c488311add74e,paperclip,Zipper pull,,,,,
b44b4f16c3eab7186619,can,DIY lamp,,,,,
984aa2ba3e6836a37781,towel,Table runner,,,,,
749b2da22f6c3785a876,fork,Miniature sculpture tool,,,,,
d0014f66aed18804207f,can,DIY lamp,,,,,
76c27cd26498e931b271,book,Pressing flowers,,,,,
229ebc5f93cf04f5d0dd,paperclip,Temporary fix for a broken zipper,,,,,
d5ee21657ba6d939ba1d,paperclip,Geometric sculpture material,,,,,
173c896da327ae697996,can,Candle holder,,,,,
46c773391638626f1fd6,towel,Securing loads,,,,,
660592ca5dcd07b2fe2f,book,Table leg support,,,,,
bb1df8392966a8a435f2,can,Drum,,,,,
09c660ea5c22ff45d151,fork,Picture frame decoration,,,,,
f1480b9b31e17f618c82,towel,Insulating plants,,,,,
b78f35ad0af22eccf80e,paperclip,Wind chime component,,,,,
17e67aacdabc74be8963,fork,Gardening marker,,,,,
ef7bb324ca17862ece59,towel,Window cleaning aid,,,,,
59b9520a766638f9dbde,book,Bookmark holder,,,,,
45ea12d04c6ae69b4c90,book,Building material for a fort,,,,,
16a772732c51db54ecf5,towel,Wiping down equipment,,,,,
721f2f1efb0d62ec8363,fork,Crafting tool,,,,,
c44ede443ec1a8e81d8a,can,DIY lamp,,,,,
ac505d0c1b23f914188c,book,Paperweight,,,,,
bcd9de08a6bbf94c88ef,towel,Picnic blanket,,,,,
c95e28a05841cf1722ee,can,Marker holder,,,,,
754eb7a55b0a7d182c1c,paperclip,Cord organizer,,,,,
a4bb6382f0c95e9d0a9b,book,Gift wrap,,,,,
f5678ec20d2b812bf9c4,book,Fire starter,,,,,
13148ea207f23c39a766,fork,Plant label,,,,,
ea50cab964c1a70bcd4f,paperclip,Emergency sewing needle,,,,,
ba29e025815d4eb765a0,paperclip,Plant marker,,,,,
f8e66a78430c152c6b15,book,Paperweight,,,,,
25bfadc98a0f7943412b,fork,Hair pick,,,,,
c6f7d9ae0f61bd74b8ae,fork,Hair accessory,,,,,
054986f8cadfaedaa81b,fork,DIY wind chime,,,,,
724dded786c5f179f216,fork,Garden marker,,,,,
1f08b9a62847a18d140d,paperclip,Cord organizer,,,,,
ae5dfdbceaa2c3639dca,can,Pencil cup,,,,,
0517667dc85f02d289b3,fork,Plant label,,,,,
55ffa6e349a3a7484d93,paperclip,Geometric sculpture material,,,,,
ac7db0e485d57a42a225,towel,Picnic blanket,,,,,
bdda27685b846aab43a2,book,Gift wrap,,,,,
2bb1d41a841fa4af33ec,paperclip,Robot craft material,,,,,
ae3bf47adb0bc72b62e9,paperclip,Emergency sewing needle,,,,,
6d425f36e00e16ea46f3,paperclip,Plant marker,,,,,
647ce22ff8c01fac88b1,can,Vase,,,,,
eb2619b896e4561e35e2,can,Wind chime component,,,,,
41973547f2409d694a47,towel,Creating a fort,,,,,
a668e88cfc6aaef40123,book,Building material,,,,,
752f7c51754361f9c68d,towel,Polishing metal,,,,,
6a71dbb56a5d4536252c,book,Paperweight,,,,,
0b826c40220518373e25,can,Drum,,,,,
41ae8fb678a7c4e5b043,towel,Polishing cloth,,,,,
6ab22038cde8a156fc7d,book,Pressing flowers,,,,,
500724712ca383c6ad03,book,Doorstop,,,,,
8f86b595b6ee40b57242,book,Doorstop,,,,,
438c05c5d75812aea76a,book,Gift wrap base,,,,,
1ccea73e2e8ec72b2e7f,paperclip,Temporary fix for a broken zipper,,,,,
18a76d2d550a81455ed7,paperclip,Photo display,,,,,
95fc4ae4ca3df8194f55,fork,Gardening marker,,,,,
8a4a32534caf8b9102b8,book,Table stabilizer,,,,,
e5110f917fac7114310f,book,Kindling,,,,,
b5552232c501a5e11e32,can,Pencil cup,,,,,
6f641c7fdb86ed0510a0,towel,Making a fort,,,,,
86fdadd5d2fcf47bdd0b,towel,Cleaning spills,,,,,
749339a112cc118bcc63,can,Drum,,,,,
f223fad6b22d658471d5,book,Doorstop,,,,,
dfc4876633b195f4e2e2,paperclip,DIY zipper pull,,,,,
3e7eeacce3b93544fe5c,towel,Wiping down gym equipment,,,,,
04dbb41eebaa2c37414a,towel,Cleaning up spills,,,,,
c20f3995a9c240162d7f,paperclip,Zipper pull,,,,,
78e7eb1013fcb5bb7fe2,paperclip,Photo display,,,,,
b21bfc4fdd533c748e7b,towel,Protecting surfaces from paint,,,,,
f0714379d6dea5a6bc8a,paperclip,Emergency sewing needle,,,,,
9682722c04f1515f1489,fork,Pencil holder,,,,,
9aa38e5c18deb1e83ecb,towel,Wiping down equipment,,,,,
7c7b35035f0e13b6966f,paperclip,Cord manager,,,,,
c826f6bc2e1b709beda4,book,Paperweight,,,,,
e4d1e77f58f75e95e8cf,book,Paperweight,,,,,
ecacd12c447ef6a9d58e,paperclip,Bag seal,,,,,
62ffdc6fa5869a40c821,paperclip,DIY jewelry,,,,,
35807c544010e08032b8,book,Shelf filler,,,,,
c6e333edd13c9ba58595,book,Shelf organizer,,,,,
4dbe8c22b5f387b05418,fork,Model building detail,,,,,
85dfb3723e07f5413f54,fork,Bookmark,,,,,
5cf1dee6f1b1d4a0e046,paperclip,Wind chime component,,,,,
0e72873e0a400599fc1f,can,Drum,,,,,
8fbbc491ec2dcadec920,fork,Science experiment probe,,,,,
7b2a13e8cbf5382650fd,fork,Hair accessory,,,,,
a73cb903fcbd57c9b72f,towel,Picnic blanket,,,,,
8a8797a31b34770c56c8,fork,Picture hanger,,,,,
1641b0cf1cfc0acf461a,paperclip,Plant stake,,,,,
8868de6fa0cb36a6f6a6,paperclip,Zipper pull,,,,,
d9d11020ffcc08707089,towel,Cleaning surfaces,,,,,
04cef9209c2ca9d6b834,paperclip,DIY jewelry,,,,,
06d1ade16afc55a5ec17,towel,Making a fort,,,,,
4d12bc72bc5b9da91936,fork,Hair accessory,,,,,
77868c05106d23f82ece,paperclip,Photo holder,,,,,
a629b3e9b639d3cc97e4,fork,DIY craft project material,,,,,
87c8435cf488390b31c8,paperclip,Bookmark,,,,,
f278f3e5f34c84657c48,can,Desk organizer,,,,,
8e255e2997734fc945d2,towel,Protecting surfaces from paint,,,,,
c600a8a9a67b23dfa2a9,paperclip,Plant marker,,,,,
9d3e155b133486f6b87c,book,Birdhouse material,,,,,
d8f85c8fcb80ecbe58ae,can,Pen holder,,,,,
fb049fbe658b096d0b6d,fork,Guitar slide,,,,,
4addaff5fd382191c0ed,book,Stepping stool,,,,,
a809e8b194c58a27f7b9,fork,Sculpture material,,,,,
0d7302bb94214c29ee95,fork,Guitar slide,,,,,
d7acfa6feb98ced44275,book,Doorstop,,,,,
6c99019136c4f142bd92,fork,Plant stake,,,,,
b5ae3a9590898df9f13c,towel,Securing plants,,,,,
0b0b436cdec24825f079,fork,Sculpture material,,,,,
1711b90dc77ed95c5ad3,can,Vase,,,,,
7d04ab31373a214ac9a2,can,Science experiment container,,,,,
9e9798476f3b0b57f15f,fork,Craft project embellishment,,,,,
ac73c7f88bb935753346,fork,Painting tool,,,,,
48475922649c59a6e24f,fork,Hair pick,,,,,
b75ac6a19712b7469898,book,Table centerpiece,,,,,
1ed217f0752bd8a431a7,can,Paperweight,,,,,
c441bf23c594273291c3,book,Doorstop,,,,,
906bb5a0304ec0c068e1,book,Improvised drum,,,,,
98dd89b5bbd9481814ba,towel,Photo prop,,,,,
8f44064b37032b714c48,towel,Macrame material,,,,,
8c56fb2f9f241ffec62c,fork,Garden marker,,,,,
afae88339eb6723288f4,fork,Mini shovel,,,,,
b391cf2071f0bccc307d,fork,Garden marker,,,,,
387155afb210c259fd7c,fork,Jewelry maker's tool,,,,,
77176ebfa7fb68f6a44f,towel,Dusting furniture,,,,,
4da45fe702291f000b03,can,Drum,,,,,
8826f0068db516d10354,paperclip,Photo hanger,,,,,
8290f7c3e23f7a716803,fork,Plant label,,,,,
9a78263eaa50fa770167,can,Drum,,,,,
3d13b80b07dc4f24761c,fork,Wind chime component,,,,,
532152c8485890b42126,fork,DIY wind chime,,,,,
5f494377b4f6dca0d08b,book,Shelf filler,,,,,
5bf0eb9e19c8480a9417,towel,Polishing metal,,,,,
114c567295e421d21df7,paperclip,Cord manager,,,,,
7c436457a36b73749cf7,book,Table stabilizer,,,,,
0835acddc0ac0635bfb1,fork,Gardening marker,,,,,
a8147242376c6ce5a042,towel,Theatrical costume piece,,,,,
8ea713c8ec5d527714c0,towel,Dusting surfaces,,,,,
5cfaa5a781a66067ceb5,fork,Science experiment probe,,,,,
2de0f0200f1b1bbfcc53,paperclip,Bag seal,,,,,
3c75f307b00908d0bff2,towel,Ground cover,,,,,
4e3b92718c155abe79ec,book,Table stabilizer,,,,,
c81c4d23b679d32b3c17,book,Doorstop,,,,,
a064b4b82bc1b84c1345,paperclip,Science experiment material,,,,,
eb90b579a4af0648ce3a,fork,Cable organizer,,,,,
29ed52fc7b4eabccb44f,fork,Mini shovel,,,,,
558d11efc76aba5ebe62,paperclip,Wind chime component,,,,,
fbfb74c45fd0abd3d6fe,can,Pen holder,,,,,
4613f96dd14229e1ea93,towel,Cleaning mirrors,,,,,
e17cf41e329d9b43386f,fork,Jewelry making aid,,,,,
0d85108ca2084419b126,book,Pressing flowers,,,,,
528033f118e3d32f36ea,towel,Crafting a homemade puppet,,,,,
2c558f5f1992668d7a16,towel,Cleaning mirrors,,,,,
e2e7b87ee3e695c52d92,towel,Insulating pipes,,,,,
f7b849c46624bb382b62,fork,Guitar slide,,,,,
96cdde2b27813a978f74,paperclip,Plant stake,,,,,
2da693ff969a16b527d9,book,Tool for squashing bugs,,,,,
f62e7af9033dd358e4f8,book,Gift wrap base,,,,,
2f7431c3b09fb077dde1,fork,Wind chime component,,,,,
3aaa5ad8bc221c68bc27,book,Decoration,,,,,
0b301087b82465514e33,book,Gift wrap prop,,,,,
b69e6843bc5d89917a3c,can,DIY lamp base,,,,,
d823a27251c495437273,fork,Plant label,,,,,
ede4531a2f8f041f69b2,book,Paperweight,,,,,
85b853419ab20061cb4b,can,Pencil holder,,,,,
d9b9fd55216164633089,book,Kindling,,,,,
d16eea7fb4c2cdba639f,paperclip,Zipper stop,,,,,
c9e51d6ae1ab92dce83f,can,Drum,,,,,
c977fb6798032b9cfc90,can,Craft project material,,,,,
d92f2ac6b3f3e6012c18,fork,Measuring tool,,,,,
1793fa8d430892f9a66f,book,Mosaic art base,,,,,
fdce575af2f85cf788da,book,Gift wrapping decoration,,,,,
da9747e5ab004660f444,can,Craft project material,,,,,
f04cbf86377df02a7f20,paperclip,Sculpture material,,,,,
872b0b93e8ea0100fdb7,towel,Making a puppet,,,,,
d01f84e0cda79841be63,fork,Painting tool,,,,,
f8c880057cd045ea7268,fork,Wind chime component,,,,,
9af2d3bb37c38becbe80,fork,Sculpture material,,,,,
7ae3005dbe09bf5376bb,paperclip,Emergency screwdriver,,,,,
2e5cebb045834409afab,can,Pen holder,,,,,
39307524c197ff1766c2,fork,DIY craft project material,,,,,
26fed05a40ad80cac9b6,fork,Plant label,,,,,
8e1254e74d335816ce86,can,Birdhouse,,,,,
c58342db5c70ff5fe187,towel,Wiping down surfaces,,,,,
44a062b2851fd6765004,fork,Sculpture material,,,,,
3798a7fd3258431bd35a,paperclip,Plant marker,,,,,
1257c8245166c57da5ba,towel,Polishing cloth,,,,,
52f67321c1b67150e1a8,towel,Cleaning up spills,,,,,
311413e9a9c6f9b22820,can,Vase,,,,,
ab8fb3c0b2e8ce3e2eac,can,Wind chime,,,,,
e3acf69829ae339054e3,can,Pen holder,,,,,
e5a5af7d2ff414dd6971,paperclip,Bag seal,,,,,
af6f46b4a7f7579310d1,towel,Polishing cloth for shoes,,,,,
c588ffe365cb8eb07f8e,book,Kindling,,,,,
220cdbc66a6da5da5fac,paperclip,Emergency screwdriver,,,,,
02ec47e8a54b6ee29311,towel,Seat cover,,,,,
c42df0815905c9718eb7,paperclip,Cable organizer,,,,,
4a1678eebf6998dcd6be,fork,Picture hanger,,,,,
a2ef91392a286936c617,towel,Polishing cloth,,,,,
9a447303ed770671803c,book,Mousepad,,,,,
29fcf7cf1dd4b870c269,paperclip,Bag seal,,,,,
1969ca23d76c17a48fdf,fork,Music instrument,,,,,
99163f46664f754c302f,can,Bird feeder,,,,,
8b32419999f005b42d9c,can,Vase,,,,,
68f3fb8f99ac993dc11f,paperclip,Temporary fix for a broken zipper,,,,,
d03d52fe8a10e1d70ac4,paperclip,Emergency sewing needle,,,,,
4b1ea5108edabd41e99e,can,Plant stand,,,,,
2d5d72ccb82d255fa41c,fork,DIY wind chime,,,,,
d697e90802a05506935b,fork,Sculpting tool,,,,,
d76162a6b83916236b99,book,Wall decoration,,,,,
0b2b4d603074ef949136,fork,Sculpture material,,,,,
65ed311207de29d5c684,towel,Seat cover,,,,,
fd4109df75d39021ffd5,paperclip,DIY zipper pull,,,,,
ec284bd21abdf4aea3b5,can,Doorstop,,,,,
735691db4e912a948191,paperclip,Temporary fix for a broken zipper,,,,,
b7e96d14bbfc9154afcb,fork,Mini shovel,,,,,
6aec4cb230eba251e66f,towel,Protecting surfaces,,,,,
a8b7f569941022e01b8d,towel,Pet bed,,,,,
ff93653e6f5251267e9a,fork,Zipper pull,,,,,
bcabfe51e9354bb582ec,paperclip,Plant marker,,,,,
338fed6c92669124e744,fork,DIY wind chime,,,,,
96df5a131cc922e89706,paperclip,Temporary fix for a broken zipper,,,,,
9bf4a6c87f92f54f258e,book,Decorative prop,,,,,
24a27da09c76b597fb80,book,Shelf filler,,,,,
7b23b68d47ef3b7defff,paperclip,DIY jewelry,,,,,
651589ae70cf50d8d7f1,can,Wind chime,,,,,
61ef4184533f20167c7b,towel,Signaling for help,,,,,
c20bec7b1625794f7913,towel,Securing plants,,,,,
682ed7f168adee52539c,fork,Plant label,,,,,
4f74e247adf0e4af4a92,towel,Dusting furniture,,,,,
2f7eebc301e7ceed3e22,paperclip,Bookmark,,,,,
f8532adc6294a0b591f9,can,Birdhouse,,,,,
298cb5be650d889638dc,towel,Securing loose items,,,,,
b70aea9b8ca86a449a58,book,Curtain prop,,,,,
b7268e2cb862c13b28aa,fork,Hair accessory,,,,,
351e19af4f56db510e85,can,Science experiment container,,,,,
838ffbf8dc5f893e7a7e,book,Paperweight,,,,,
0cc45d0ac495fa783294,paperclip,DIY jewelry,,,,,
8fa65c1c880ca64f7d9e,fork,Picture frame decoration,,,,,
3bcd4544a1ea8dde1a3d,towel,Insulating pipes,,,,,
98b0421fe9afeafdb852,book,Room divider,,,,,
e9e0f272ec7d0817ab65,towel,Protecting surfaces from paint spills,,,,,
8034aae12080f8f6e53c,towel,Protecting against dust,,,,,
9b777a752f20db5dc71b,book,Building material,,,,,
f039e90fa7bb19899162,towel,Polishing cloth,,,,,
136e18918403635f5c40,fork,Mini sculpture base,,,,,
7a88abf1e10b67417152,fork,Wind chime component,,,,,
625ac38f947196d282b6,paperclip,Bookmark,,,,,
36cd86cc4817c5b5f940,fork,Craft project base,,,,,
8673d90d95da190051b1,paperclip,Plant marker,,,,,
1ff39814f8d8ff8bfb70,towel,Drop cloth,,,,,
30d79a99c89f251496cc,can,Science experiment container,,,,,
76f32a6ccd4d0a320168,paperclip,Emergency screwdriver,,,,,
88305f5b154e26f8fa22,paperclip,DIY jewelry,,,,,
40c413b3f6c97932a298,towel,Wiping down tools,,,,,
a1f8c283aae663531179,paperclip,Photo display,,,,,
72917e64abbad13d9030,can,Pen holder,,,,,
6503e2586ef81678ab0a,can,Pen holder,,,,,
eb9eb5f580bfaad70a73,towel,Drying delicate flowers,,,,,
9276d15b718098aa1249,can,Birdhouse,,,,,
3be5f5696b9acd59893a,fork,DIY craft tool,,,,,
b77804b65e8d25f3bda6,towel,Dusting furniture,,,,,
80c417501ae82ff63f44,paperclip,Cable manager,,,,,
f94dd81f4ef70a61d29b,towel,Insulating pipes,,,,,
f1034da13fad9d600d24,fork,Plant label,,,,,
2103ae0ded95bfcaf34b,book,Box filler,,,,,
9b628ec8fd2acdbce4b8,book,Doorstop,,,,,
79508f710a5e5deaf282,book,Paperweight,,,,,
8bcd192fa314ff86b5e0,can,Pencil cup,,,,,
fc66f47b54dd8d7ea901,book,Wall decoration,,,,,
404239c560e78458c5ef,fork,Plant label,,,,,
84214527cc6f860f2acd,can,Planter,,,,,
436b620bfee7c1896980,can,Paperweight,,,,,
4ae3aa9ddb22ac1af38c,can,Planter,,,,,
16261f66c33a3543c468,can,Birdhouse,,,,,
18478b3328b2e87185b7,book,Gift wrap,,,,,
9665a6e92f6be996b9c1,book,Paperweight,,,,,
46ad922b1700f530b751,paperclip,Zipper pull,,,,,
0170340d88cafb217e95,can,Gift container,,,,,
fb4ee18dd799492e5385,can,Bird feeder,,,,,
fffffb52a7c7e3bc7669,towel,Dusting furniture,,,,,
b9f5af0a8ea841379ddd,can,Vase,,,,,
1c41f790f233e766c1bc,towel,Impromptu curtain,,,,,
ca1ff81f295c47290d7f,fork,Sculpting tool,,,,,
95a909c7e83a97b62d80,towel,Sound dampener,,,,,
1fa098325f152757a07a,fork,Science experiment probe,,,,,
947959df1db2a7609305,can,Pen holder,,,,,
72c7a3500c3831799d98,paperclip,Bag seal,,,,,
0d412f85bfb74fdf41ea,book,Pressing flowers,,,,,
5212f1789a5397df3eb0,book,Doorstop,,,,,
6046fc4b344705afc824,towel,Impromptu curtain,,,,,
69dbcca6f34027e3e303,paperclip,DIY jewelry,,,,,
73928e9d7d6b39c20f90,paperclip,Cord organizer,,,,,
aadf11b61b3f8a8ddaba,towel,Wrapping gifts,,,,,
c3196e247ab08e5a16ce,can,Birdhouse,,,,,
e066a212955f16e61d72,can,Plant marker,,,,,
139d579e548f72ab44e4,paperclip,Plant stake,,,,,
be69ec71d7bcdc79f1e9,book,Seat cushion,,,,,
c308d48636481cdd958f,paperclip,DIY jewelry,,,,,
85f250a7cbd701bbfbb6,towel,Photography prop,,,,,
a6253c7f6e47f81b2e46,paperclip,Zipper pull,,,,,
3524af7f8b5c16350640,can,Pen holder,,,,,
46aecfe82433bcfdb538,book,Leveling surfaces,,,,,
cd0ae60ae4b371d2bbfa,book,Building a fort,,,,,
6d8736e871405a64e1cb,fork,Bookmark,,,,,
bd8f5dde2e6eb035ff34,book,Pressing flowers,,,,,
90626b54fd6977a9e0c1,book,Decorative prop,,,,,
a9d8ae74f9ddf536e6e6,towel,Creating a DIY photo studio,,,,,
4c3901af23f4530e0163,paperclip,Plant marker,,,,,
2a712981d344fd8722bb,fork,Percussion instrument,,,,,
07e4d318ce19aa1995e2,paperclip,Zipper pull,,,,,
4786058e64e1154d0fef,can,Craft project material,,,,,
2c30eef399e02afbeebf,can,Planter,,,,,
9b89cddeecac28dbe4e8,towel,Cleaning rag,,,,,
77f83e5cd2c3379e30c5,paperclip,Bag seal,,,,,
14471f3aedc38c3b4347,can,Wind chime component,,,,,
1d73f4e57ceae35a1b7b,paperclip,Photo display,,,,,
7954b9afc1aec545252f,paperclip,Cable organizer,,,,,
df705f188c799903b26c,paperclip,Emergency sewing needle,,,,,
16f376cd45007004fda9,can,DIY lamp,,,,,
1b8adce584c6cbf3bf78,fork,Picture holder,,,,,
e4ea3db7c6e001ee97df,paperclip,Bag seal,,,,,
af198f525aba278457f9,can,Doorstop,,,,,
2806e12a08f436c509b4,fork,Cable organizer,,,,,
aa3d3b64c48f9a5bfc10,fork,Garden marker,,,,,
4157d93fff0ba5740274,fork,Hair accessory,,,,,
b1e155cd8eb89dd45c45,book,Dust collector,,,,,
4aacb30010d5fe31f399,fork,DIY wind chime,,,,,
5085a56dbb4dc9197b3e,book,Decoration,,,,,
f9216cacf27980b8a9a9,book,Leveling surface,,,,,
4196c16ca38b26a54552,fork,Pencil holder,,,,,
3dc9b0c08bfc22bb13af,fork,DIY craft project,,,,,
c482b05578a5167f51d4,can,Birdhouse,,,,,
0aacae40b8ee4871edc3,can,Craft project material,,,,,
00d53d34c70de9c2842f,towel,Gift wrapping,,,,,
9ce53515568a76251427,paperclip,Plant marker,,,,,
7706d397ab6246199d64,towel,Curtain,,,,,
a97297b2a6c8b6a1b1f7,book,Kindling,,,,,
c5ddd35faecec24290e7,fork,Bookmark,,,,,
4cd6be4d30a2ba55ec90,book,Crafting material,,,,,
11454599e556d2f6c4c3,can,Bird feeder,,,,,
140500d2af0400bbbc93,fork,Plant label,,,,,
51b6f8a62d28189ca731,fork,Picture hanger,,,,,
4be23c4f9d3659417d2d,towel,Wiping down equipment,,,,,
a69c3ae909b877fdeee8,paperclip,Emergency sewing needle,,,,,
6634c7ea64788fe09b3f,paperclip,Photo display,,,,,
1f4a13a72b087c47a834,towel,Protecting furniture from dust,,,,,
23ce9b5aea98cf0b9b4e,towel,Covering a drafting table,,,,,
3b9963fc37b23adae029,fork,Garden marker,,,,,
090e23d338f9454deecd,can,Bird feeder,,,,,
80dff143d2c63355a8e6,can,DIY lamp,,,,,
500be1d44ffdf731325c,fork,Picture hanger,,,,,
eae58cc16e16ed9475e2,fork,DIY wind chime,,,,,
5090a0f9194b68df4151,book,Leveling surface,,,,,
9f7169989d3b59461983,fork,Bag closure,,,,,
80f096e0a0026364770f,can,Pen holder,,,,,
b5c3dd092977a4e7f549,book,Soundproofing material,,,,,
b6708b4a10947aa55968,fork,Plant stake,,,,,
4fdd95187efd1b00dab1,book,Gift wrap,,,,,
cdb2147751a55a1359b3,towel,Dusting rag,,,,,
ef1dbc4af46ef151ec20,book,Gift wrap base,,,,,
962bebd0e4384947ddcd,paperclip,Photo display,,,,,
048953f216ad638086b7,book,Paperweight,,,,,
1cc83c1b30621ee35d19,book,Doorstop,,,,,
d8ca8d9afda1f90ccd09,paperclip,Plant marker,,,,,
215beecd3f7d8c072b45,towel,Making a DIY photo studio,,,,,
10a61632388142ad4984,paperclip,Cord organizer,,,,,
b68f2b8f117d045d01fb,book,Decoration,,,,,
8fd9f4a2f4712c9e08bd,fork,Plant label,,,,,
421cf28bf72da099c582,towel,Impromptu curtain,,,,,
439755ca1603dd7821ee,towel,Dusting surfaces,,,,,
ee885295de30b1104cf5,paperclip,Photo display,,,,,
65fc37f30b310c7096d8,fork,Hair accessory,,,,,
7cc9d1b3228dcdc57df1,can,DIY lamp,,,,,
c0f86ec06ba8b92cd775,can,Craft project material,,,,,
3435ffbd35b27087b04e,towel,Cover for a drafty window,,,,,
0f7289f2001a4f5398c3,paperclip,Guitar slide,,,,,
abd2df1619543cb8ce3e,paperclip,Emergency sewing needle,,,,,
1bfc3eba7e23a615e292,can,Vase,,,,,
0b8a71e4944b8956cda5,paperclip,Zipper pull,,,,,
7bfd8b742ebe349b2a58,fork,Pencil holder,,,,,
68df04f36c18b4bfdc41,paperclip,DIY wind chime,,,,,
f61e7a865ec57c252f0b,can,Gift container,,,,,
39752a07d46cc8c49bf5,fork,Wind chime component,,,,,
d0dd43d2799f3b726b37,paperclip,Zipper pull,,,,,
16eccddd4417b5005e6a,towel,Cleaning mop,,,,,
52f3507bae7290f85d68,paperclip,Temporary fix for a broken zipper,,,,,
996609cb07c373af917a,paperclip,DIY wind chime,,,,,
8eed7d16c3eb8e37cd41,can,Organizer,,,,,
29ebe197b544fde222d5,paperclip,Bookmark,,,,,
33f2726189095b9e4f02,paperclip,Cable organizer,,,,,
7c6902a1dbffc997a490,book,Doorstop,,,,,
b7310385f1bc4b4f37a8,fork,Miniature sculpture base,,,,,
717adf855a4a3594daaf,can,DIY lamp,,,,,
0117bb6aa20a12d126d7,book,DIY birdhouse,,,,,
73dff923c81f25948b6d,towel,Photography prop,,,,,
32868460989b18c6c2e3,can,Planter,,,,,
1ad501046a47134f9c9e,fork,DIY wind chime,,,,,
7c17880dc9c97d0920ac,can,Gift container,,,,,
568edb06a54f8a8fd1d8,fork,Plant label,,,,,
8080c45a1e0a86f374cf,towel,Securing tent ropes,,,,,
de182c79e4a1a016fef1,fork,Sculpting tool,,,,,
92233df2c70b5d70c23e,fork,Sculpture material,,,,,
bb774fd84140469b6126,can,Wind chime,,,,,
9cb69c9c15b3bdb78a17,paperclip,Emergency zipper pull,,,,,
77c143ad3d5dddfcc654,towel,Workout sweatband,,,,,
d451348b536f32ed9f5d,can,Bookend,,,,,
1230b63ccdffc0b40795,paperclip,Bookmark,,,,,
db619c0c62a25c409df7,paperclip,Cord manager,,,,,
b5b3272daf3447db2e13,can,Bird feeder,,,,,
9c2fce69a4c9e8a155bc,book,Decorative object,,,,,
eb6db6369272185d2d86,towel,Polishing jewelry,,,,,
89130b28d97ffaf86d6c,paperclip,Temporary fix for a broken zipper,,,,,
0d94defdb7a2c7c9b7d7,book,Doorstop,,,,,
864c3f225e4975b60387,fork,Plant label,,,,,
2b20ea2d7cad0b8befd9,fork,Musical instrument,,,,,
faf2ccb2450d81b6f925,book,Wall support,,,,,
a1597ac9969cfde2e7af,towel,Crafting a DIY puppet,,,,,
0eb55666c2c14c457c97,can,Drum,,,,,
946105a6410bcb4a5a03,can,Planter,,,,,
851e3209ded16745c239,book,Gift wrap decoration,,,,,
a60f1a6ce3d17b57e8bf,can,Bird feeder,,,,,
c172d3c897c03b2404c7,towel,Table runner,,,,,
d20d275952b7b11f644b,fork,DIY craft tool,,,,,
d1b8fee0a9f0edb41605,paperclip,DIY wind chime,,,,,
c559a2d3bc3d14db5823,towel,Wiping down gym equipment,,,,,
93c4d4b6a986d7d78a81,towel,DIY craft material,,,,,
123d0b7410a3aeeb3bbe,fork,Screwdriver substitute,,,,,
53eb760b8aa446c1ad34,paperclip,Bag seal,,,,,
a999e88ea9d128d4ba81,paperclip,Geometric sculpture material,,,,,
e8a7c42cdf1eec0a57f4,paperclip,Cord manager,,,,,
a26d29f65b72d42dea93,book,Shelf filler,,,,,
5753d7934bfd40f72bda,book,Box support,,,,,
30b395b3e33106fc639b,can,Storage container,,,,,
bac49c572419bfbf4eab,can,Bookend,,,,,
e033ce08edc345a8d739,can,Plant pot,,,,,
114565d5a2af0620903f,book,Doorstop,,,,,
c0585d22edb71d48dc55,paperclip,Emergency fishing hook,,,,,
05b70fe98ed60ff2bb54,towel,Polishing metal,,,,,
50984074a4f634fd8bea,towel,Protecting surfaces,,,,,
51f0e5a1e235244c24f2,book,Bookshelf decoration,,,,,
f537fa0eb3225b974d66,can,Shelf decoration,,,,,
643ae76765d034c1092b,towel,Polishing shoes,,,,,
2faa568889c9b9c2df9e,fork,DIY wind chime,,,,,
533db26e484bb754eea0,towel,Drop cloth,,,,,
ba47dd0dfb74cd8d1c78,book,Table leveler,,,,,
80b852e2b6ec746031f9,book,Fire starter,,,,,
2576cceccfc93d07774f,fork,Bookmark,,,,,
9f4febe6b7a04f041176,towel,Protecting surfaces during painting,,,,,
71b4f783e602a290d90d,paperclip,Cable organizer,,,,,
85621efff118b90fbbe5,fork,Cable organizer,,,,,
29fef2788b292bcf8301,book,Decoration for shelf,,,,,
41d1b8cabedc883ff597,paperclip,Temporary fix for a broken zipper,,,,,
d91cbde1d5e89f3a6acc,can,Sculpture material,,,,,
4e6cb15ee5be85146ff4,towel,Creating a puppet,,,,,
975f14b02f16af9a2a0d,towel,Creating a DIY photo studio backdrop,,,,,
42b394e63609a26ed88b,paperclip,Cord organizer,,,,,
e523de78347808f88058,paperclip,Picture hanger,,,,,
a088c0fcfa781713b10b,can,Centerpiece,,,,,
25534734dca3350f0d16,fork,Hair accessory,,,,,
36c339a574942d2f2710,can,Vase,,,,,
00f9be397d8e658b7554,fork,Zipper pull,,,,,
30b82800a9cfed4d47f0,book,Table leg leveler,,,,,
d0e01f9c1acb07da14a1,towel,Table runner,,,,,
a01fbb7efc770c9c8094,towel,Polishing mirrors,,,,,
d08eff50bb331e2d8670,fork,Guitar slide,,,,,
0c39ff134d3732c107e9,towel,Table runner,,,,,
700b155ef84e1b9a5284,can,Birdhouse,,,,,
8db821ffddba2cad1a26,book,Sculpture base,,,,,
480a6938aa7167a9903d,can,Science experiment container,,,,,
a587b417f35be9e16322,book,Paperweight,,,,,
d6d1ceb83755763eb329,book,Kindling,,,,,
23c7fee728bad96ef895,can,Drum,,,,,
a3b0fd18dd8fdeec6842,book,Shelf filler,,,,,
8cd16a8cfdb250ce9d7d,towel,Insulating pipes,,,,,
95a8d929c29c1b370103,fork,Science experiment tool,,,,,
03c1d83e4c2421dd01df,fork,Mini shovel,,,,,
a2fd3db27dd5f72438eb,can,Drum,,,,,
bdccee879d74acf35944,towel,Dusting furniture,,,,,
d61749c08e4d03dcd2dc,paperclip,Picture hanger,,,,,
e92cc7ad5caf560f98d7,book,Soundproofing,,,,,
f1650d9c8565eeb1278d,book,Table leg leveler,,,,,
258aa5e5a984eec588ec,paperclip,Bag seal,,,,,
e9b5423dcf44e48a1910,book,Shelf filler,,,,,
416e7137d5f5ef454776,fork,Garden marker,,,,,
8cafaa0a0687740a2b22,can,Craft project material,,,,,
0bb8ee8d63bac53b14cf,fork,Photo prop,,,,,
36864e23bc91f5c96ec0,paperclip,Bookmark,,,,,
fd36366f073e4fd03ba1,towel,Insulating plants,,,,,
56ab4e9c92d959ca8e8a,fork,Measuring tool,,,,,
6b8ce7bc3393edb74825,can,Gift container,,,,,
6f4b89cc5c581c42298c,paperclip,DIY jewelry,,,,,
d48b93c82d1f187cd82b,can,Paperweight,,,,,
ff679b5f2e6e4b8c6485,book,Building material,,,,,
5d9e278d6cf27107b0bb,paperclip,Cable organizer,,,,,
c9a75b417d6a78feef79,paperclip,Bag seal,,,,,
096c7dacf670c0d585d1,book,Decoration,,,,,
519830a43bf3e34bf965,fork,DIY craft project material,,,,,
00c13a59b78e99601f46,paperclip,Picture hanger,,,,,
6c6c6c61808169c7238c,book,Floor protector,,,,,
6d2f2ea6425bbdd0a83e,book,Pressing flowers,,,,,
4890e05cb9f115b18f0f,book,Kindling for fire,,,,,
d61b201b5ca569b7b606,can,Pencil case,,,,,
b86e2ec37bfad169cd71,fork,Sculpture material,,,,,
6d24033da46d01bdbfb4,book,Shelf filler,,,,,
0dfc34cebd2f12a99fb9,towel,Securing plants,,,,,
9ec4390ab4b3dfef65e4,fork,Plant label,,,,,
f4e5cea9f7a3ce48f6e6,can,Vase,,,,,
3af84f95fd98e045c4e0,book,Table centerpiece,,,,,
39c5f14ad1d757e5aede,fork,Impromptu back scratcher,,,,,
7bf4ed1ef63c35f9b787,can,Geometry shape model,,,,,
8f8b2fc5a0b72153acbe,fork,Desk organizer,,,,,
06168885e2811cd335a8,paperclip,Bookmark,,,,,
5ae1d413c7297e4d59a1,towel,Securing plants,,,,,
bf8ec07a0bde5518d05a,paperclip,Photo display,,,,,
f55e2c72ab62866befa9,fork,Plant label,,,,,
9d92ef7c46faf3d905f1,can,Drum,,,,,
9850643070488e25b01d,book,Pressing flowers,,,,,
9c0b0524acb8e693e818,paperclip,Zipper pull,,,,,
a93615d1bab7d0e44146,can,Bird feeder,,,,,
bd7b0b376d7507ea568c,paperclip,Zipper stop,,,,,
590f3f8e3996d0bd70bc,book,Table leg support,,,,,
1fb7aed0823a9bea82ed,can,Science experiment container,,,,,
9c468a331bd033c89a03,towel,Creating a makeshift curtain,,,,,
f87a8d0666cd737fbc90,paperclip,DIY jewelry,,,,,
63e80b0799cd564ed977,can,Pencil holder,,,,,
21b5a4103638b68a1131,book,Protecting surfaces,,,,,
d90c3e44b2391aea2f79,towel,Making a fort,,,,,
8eb0e697b41413de1a1a,towel,Drop cloth,,,,,
dde46afadb76ab915018,fork,Zipper pull,,,,,
e52727dc9abed5c2af54,fork,Sculpture material,,,,,
41dd4915115b759ab125,towel,Seat cover,,,,,
e2b6b88d7d4c3b71d8e3,towel,Photography prop,,,,,
04d680f5a98169afa1fc,fork,Zipper pull,,,,,
49dd74444a5d7835071b,towel,Crafting material,,,,,
1c7d32a531628d9ef618,towel,Securing a load,,,,,
5de20d287a2a4162726b,towel,Dusting furniture,,,,,
2dba490e8ed11010f89e,paperclip,Geometric sculpture component,,,,,
0e3d6859ef3bb84964ee,towel,Pet blanket,,,,,
564d0e902875700bc4e1,paperclip,Wind chime component,,,,,
c40e4143d70ff19c90ed,towel,Macrame material,,,,,
970158e85ab158be1ba0,paperclip,Temporary fix for a broken zipper,,,,,
2d9ae58c00695d91834e,towel,Creating a DIY photo studio,,,,,
2e2d14f5d9708e133c97,can,Shelf decoration,,,,,
b673ca917313d115aa97,fork,Plant label,,,,,
ceadff6ca74c2bd3b49f,paperclip,DIY zipper pull,,,,,
eb8934ffb3bc2954e765,book,Kindling,,,,,
cc016387f66abda63cfb,book,Table leg stabilizer,,,,,
1b9b50d9336945f37f86,can,Pencil holder,,,,,
05f12808309e18fe75f9,book,Decoration,,,,,
167e95b915fb40ad84df,book,Bookshelf decoration,,,,,
f58c2736b03b74fef1d3,book,DIY birdhouse,,,,,
d1d080597040d32737bf,towel,Making a fort,,,,,
fead575059459399e602,towel,Pet bed,,,,,
9201f014692c48a0460c,towel,Craft project material,,,,,
17d630aa4335cfc65a21,book,Dust collector,,,,,
50dc2139da8d044bc156,towel,Cleaning up spills,,,,,
5d4fbbf34fde1cac695a,fork,Science experiment prop,,,,,
c700a9057ff2be9dd8ca,can,Science experiment container,,,,,
de8a99bc0ef2bbe5bd79,paperclip,Emergency sewing needle,,,,,
9e88edc8a3a7bcd068d5,towel,Polishing cloth,,,,,
c4078c93c1884d2bd0f9,paperclip,Temporary fix for a broken zipper,,,,,
68376032de4ba42106fd,paperclip,Plant marker,,,,,
c76fdf3b2d36d260aba6,fork,Phone stand,,,,,
754a4c08eeb57459ad07,fork,Cable organizer,,,,,
64598c86dbf2a3d1c29b,book,Doorstop,,,,,
cb8c6ff391293d63fc8c,fork,Plant label,,,,,
36930562c7e6070736f3,can,Doorstop,,,,,
4beeb256ee195948db7a,fork,Sculpting tool,,,,,
1ed6bf384d936b12669f,towel,Insulating pipes,,,,,
6c568579c04fed8359f2,towel,Protecting surfaces from paint,,,,,
dd067adfe881fe5b9a37,towel,Covering a drafty window,,,,,
4c0fd326c2aefefa763b,book,Decoration,,,,,
faa4da8492a145e483a5,fork,Plant label,,,,,
a891d529e4a18deb9139,book,Building material,,,,,
d83d6d4a567e4d579edb,paperclip,Cord organizer,,,,,
bcbac59275e914b0a1fb,paperclip,Plant marker,,,,,
1edbda7d26e14142bbc0,book,Doorstop,,,,,
6cc28b007430e330756a,can,Gift container,,,,,
edd92a3f79437949b5a9,book,Paperweight,,,,,
313dca406fd3f948bdd8,paperclip,Cable organizer,,,,,
ffb50c66b82403428150,fork,Miniature sculpture base,,,,,
b38d2324531d9c210ec8,fork,DIY wind chime,,,,,
5d81a7092dc0cb4b5d1e,book,Creating a barricade,,,,,
4a472ec99b5488c54b4f,book,Paperweight,,,,,
cdbc33439b39f3efd519,fork,Plant label,,,,,
4ebf8d8561668b69dccb,paperclip,Cord organizer,,,,,
8b7e8680fdfb1dc00a0c,fork,Picture frame decoration,,,,,
e6191ec18c0e6f98d033,can,Pen holder,,,,,
a0b7c0a2a308aa4d4c7f,towel,Crafting a DIY puppet,,,,,
f89618e3dbc8f6ca5ce0,fork,Craft project mold,,,,,
6a4a96cc5b535825ba2e,paperclip,Plant marker,,,,,
2477cc35dfe9c1da11f5,can,Vase,,,,,
f97a35c2c04cf2064153,fork,Guitar slide,,,,,
16928a6f1776ed3ad051,can,Birdhouse,,,,,
3044d423f9e736adeeb8,fork,Cord manager,,,,,
9fa84a6d6d24998079bb,fork,DIY wind chime,,,,,
095dae4ee1de5dbbece3,book,Plant press,,,,,
f87447a57935ed160253,book,Table centerpiece,,,,,
c2d07a13350593682dfa,paperclip,Photo display,,,,,
d9fa24ed00ff2bc67ba7,book,Kindling,,,,,
cc76aea8b5b6c79d5883,can,DIY wind chime,,,,,
a01cbe8c0bd52f6971bb,towel,Creating a photography backdrop,,,,,
0da29f146eb40322ccfb,book,Trivet,,,,,
ed4e7fb1eb0785e5c03c,can,Pencil cup,,,,,
6300fc55f8916e9cc6a3,paperclip,DIY jewelry,,,,,
a0896d4d4ae84183866d,book,Gift,,,,,
6f72f246364b3e114db8,paperclip,Cord manager,,,,,
031bcc9df8cf3e76dfdd,can,Planter,,,,,
1abbdf0e8994823157e3,can,Paperweight,,,,,
1cbfb62076fae731abc7,fork,DIY wind chime,,,,,
c74a8ad5da4832285f4b,book,Gift wrap,,,,,
3136d082d47ebc5b2493,can,Science experiment container,,,,,
e648cd5c99280f89f364,paperclip,Plant stake,,,,,
6ecae7b83850a0fd66fd,paperclip,Cord manager,,,,,
e3456813ed43b32727ba,book,Gift wrap base,,,,,
9e44163c71b66eb5b424,book,Gift wrap,,,,,
9b60c7758f0bb9a2d5c6,book,Decorative item,,,,,
f4cca79f2491a28400e4,book,Shelf filler,,,,,
939f8eeea1c306388cbe,towel,Securing plants,,,,,
0e8a416074a241c93e5d,can,Science experiment container,,,,,
da87043593fc0be32685,can,Vase,,,,,
3c531a19e57e121b4868,book,Table leg shim,,,,,
081cb661ab8222a78c2e,book,Pressing flowers,,,,,
3b707798e60931b378a5,book,Sound dampener,,,,,
ac0804938fdb70e4916d,towel,Cleaning rag,,,,,
1f8be17b09f3a2ce6173,paperclip,Bookmark,,,,,
14cb5c4639b750c4c08b,paperclip,Temporary fix for broken zippers,,,,,
31a1ab1bb5fbbe7796cd,can,Pencil case,,,,,
ae155bae52c6920d842d,can,Planter,,,,,
db940a32ab4c0f0a05fe,fork,Cable organizer,,,,,
7137211c6b41c5ebb9db,fork,Science experiment aid,,,,,
461ce2a9178960a3d175,book,Pressing flowers,,,,,
2ebd1d3e331acd471089,paperclip,Bag seal,,,,,
b66c2b73619bdd640409,paperclip,Bag seal,,,,,
9724901f66bb1254acee,towel,Polishing cloth,,,,,
644f43079b706d0a167a,can,Science experiment container,,,,,
785924ee2d72f23a0954,fork,Sculpture material,,,,,
6b99b4a6a9032cd2b255,towel,Securing a load,,,,,
1392df04e06a0627901e,can,Pencil sharpener container,,,,,
47ef9bb649e1fa87b8be,fork,Bookmark,,,,,
9c34204e6407f3929345,fork,Science experiment tool,,,,,
fa8d42d2c5b4d2c87d76,fork,Garden weeder,,,,,
7d37109d4afb102e1453,towel,Insulating plants,,,,,
676270fd11246fd96ccb,book,Shelf filler,,,,,
35e82bc834ecb857e112,fork,Emergency zipper pull,,,,,
3fcae201b0f0478c398e,fork,Guitar slide,,,,,
68cd3fb46597377dd434,towel,Making a fort,,,,,
2f3065b990760faa5f38,book,Mural base,,,,,
cc6f6f381d4da7141160,book,Step stool,,,,,
ddea7646c9989d69022e,can,Science experiment container,,,,,
af961d0597ba89ffeca3,towel,Tablecloth,,,,,
fefb5323e297ff9926a2,towel,Pet bed,,,,,
d426ce1f2c0b76e14c5e,paperclip,Wind chime component,,,,,
4574d6dca8c2c6611ee4,book,Paperweight,,,,,
b6e5885e8ca61c4f1f30,fork,Picture hanger,,,,,
bcea8055b4600051fb76,can,Birdhouse,,,,,
0fbe53cddcd3552a3281,fork,Pencil holder,,,,,
98141973350c31ffcff9,towel,Signaling for help,,,,,
771f0d89c8cf14e810f9,paperclip,Emergency screwdriver,,,,,
0beccc67b93ba2e0c3f1,fork,Bookmark,,,,,
960b238f5c5fd97009d7,towel,Moving heavy objects,,,,,
527fa2e7a9b4553125fe,towel,Pet bedding,,,,,
abbe116d89b5324be1a0,towel,Picnic blanket,,,,,
0a52a2134898cb17c140,towel,Drop cloth,,,,,
e57ebe2a3be78616a7df,towel,Moving heavy objects,,,,,
4ed390944b9c7819b913,paperclip,Bag seal,,,,,
494aa9b9070a18b20cc9,towel,Polishing metal,,,,,
38320fa905a4201ba729,paperclip,Cord manager,,,,,
11b585d1802df45d362b,towel,Insulating pipes,,,,,
44bbd3bb63ba330c50cb,fork,Photo prop,,,,,
840cac6f85a874bee13a,fork,Mini shovel,,,,,
1abebac03ae1aadda734,paperclip,Temporary fix for a broken zipper,,,,,
a200974b3c6a594aa389,towel,Impromptu picnic blanket,,,,,
e7f5225015822dbcf821,paperclip,Emergency sewing needle,,,,,
95571caa64177aeaf556,fork,Desk organizer,,,,,
6197905babbddf07afa0,fork,Zipper pull,,,,,
28718b38cf6a13b26ff7,fork,Hair styling tool,,,,,
403d2ce4615f8d76ca15,book,Kindling,,,,,
c32d7e19ccab6ab47e7f,can,Science experiment container,,,,,
d76b93e458a87c308fc7,towel,Polishing cloth,,,,,
c3e271afaf72f3f80878,paperclip,As a plant marker,,,,,
f83f5b54fb94800c94fc,towel,Making a DIY photo studio,,,,,
740933cc183dd1cdf599,paperclip,Cord manager,,,,,
26a782d7f29fd8033a77,book,Kindling,,,,,
89948e0a5d57c0f5c63d,fork,Science experiment tool,,,,,
8c740c1f878b99852ea9,paperclip,DIY jewelry,,,,,
a4fbca0f0f0ae7c9dc88,paperclip,Temporary fix for broken zippers,,,,,
fd91c39b19f6491d6a4b,book,Step stool,,,,,
ddca5c9a634f22d7cb12,towel,Macrame crafting material,,,,,
bcd202aaae8394e87bb3,can,Wind chime,,,,,
3db3969df77259f56cf8,towel,Insulating plants,,,,,
f71ab4dda2ba20af8981,fork,Measuring gauge,,,,,
8ce937cb161c00d15d36,towel,Dusting furniture,,,,,
c942962a4aa798fe955b,towel,Making a DIY photo studio,,,,,
1fea51326dd18c729f91,towel,Insulating pipes,,,,,
926657e0a83289360297,book,Paperweight,,,,,
8e2db6d0f8bcfeda7387,fork,Bookmark,,,,,
f1753f0fe48b088180ce,towel,Making a rope,,,,,
72dfaca566fdba52445e,paperclip,Temporary fix for a broken zipper,,,,,
45f1072d188f1da340e7,book,Paperweight,,,,,
1f0b6ccb7f53beaedf9b,book,Art project material,,,,,
ceabccac4035cb1a875b,fork,Garden marker,,,,,
1fcd1d1d6e3eea29ec08,paperclip,Photo display,,,,,
2587cda9563cdd4d0f60,fork,Pencil holder,,,,,
72f020c9d066d551974a,can,Gift container,,,,,
0f6db12fd16d57ce7c75,fork,Pencil holder,,,,,
e94dd257324cea9f00af,paperclip,Plant marker,,,,,
0bd66cfb63eb68683c26,paperclip,Cord organizer,,,,,
de40ab7c7aca1ccf5d07,can,Wind chime,,,,,
3a9e39bce67f8fb7e91a,paperclip,Cord organizer,,,,,
31f88347330fec98ddee,paperclip,Bookmark,,,,,
f6df96cb9c5ab7fd3ed0,can,Wind chime component,,,,,
de578d1a0ba9bd0bd19a,can,Pencil sharpener container,,,,,
77a2fb1d0596f2e39065,book,Prop,,,,,
c1c65a421ab2e4536e13,towel,Creating a fort,,,,,
9dd33bf498bbbe9e1b2f,fork,Plant stake,,,,,
8fd9a47ade85bec2d35b,towel,Table runner,,,,,
625c307ea247fddf5962,fork,Zipper pull,,,,,
42032bbf16b174bc3d30,book,Plant stand,,,,,
f665464b21e24ad708a2,towel,Making a fort,,,,,
104c2f410b9e944972b7,fork,Science experiment probe,,,,,
c409e20790a8b6d3a4d2,towel,Cleaning rag,,,,,
b13aca895730588f7a1d,paperclip,Wind chime component,,,,,
9f50e4b74e1d1981cac6,can,Robot body,,,,,
a663576b9eb00bc20705,can,Robot body,,,,,
875c8f286ae265e14654,can,Pencil holder,,,,,
21873a5a77615d7528b0,book,Decorative item,,,,,
227a016562d8b312de87,book,Bookshelf decoration,,,,,
c8b00b4c3b5ff20cf754,book,Prop for photography,,,,,
77ce7ba178c82474fd0a,towel,Wiping down gym equipment,,,,,
e237837275f0bc9fa703,paperclip,DIY zipper pull,,,,,
43e63ec3452647d09103,towel,Drop cloth,,,,,
cb44fd98be248acb4ebd,book,Decorative prop,,,,,
1d6dec6d2028589cc64f,fork,Pencil holder,,,,,
3c2807c8696afc9d778b,paperclip,Temporary fix for a broken zipper,,,,,
a048eee0d2c9553c5fbb,can,Desk organizer,,,,,
90abbb51957425034aa3,can,Pencil holder,,,,,
30d5ea6268f64a14c687,paperclip,DIY jewelry,,,,,
b92edb2cc0d5ca042d83,can,Pen holder,,,,,
c1b6e295966d176c9d2d,fork,Plant label,,,,,
90c3a86b28602fd6961a,fork,DIY craft project material,,,,,
564ff548fa1959860124,towel,Dusting furniture,,,,,
248f3df011ee6f09eedd,book,Bookend,,,,,
c9d83ded5ceb5f2c3ca4,book,Paperweight,,,,,
ac2668f2490a949a3a35,towel,Drying a car,,,,,
fa3f8a9d793202e91fea,can,Pencil case,,,,,
7ae655a828bd5e4964b7,book,Paperweight,,,,,
dfdfd64c3380d74e9a41,can,Bookend,,,,,
92fcc3f6dd0eab12543b,book,Weighing down tarps,,,,,
2463326b3d3f84f6d307,towel,Protecting surfaces,,,,,
dc4d2908a13c2a802671,fork,Cord organizer,,,,,
da0b5c5b58ad577b8c72,paperclip,Bag seal,,,,,
0d5314310a44a3360d9b,book,Bookend,,,,,
0c966b03a2e8cc237beb,fork,Science experiment tool,,,,,
39c207c02137965ddadd,towel,Signaling for help,,,,,
af13c06ba2bbf3bb1fa8,book,Gift wrap,,,,,
dba96e16a95efecf5eb6,book,Building material,,,,,
0ac862f00faada43d739,can,Planter,,,,,
c3557785aebd74d662f6,towel,Impromptu curtain,,,,,
ca43bec293c2bb0b7300,paperclip,Plant marker,,,,,
d780b874000b4fab5ba9,fork,Guitar slide,,,,,
fb64adbbea5e0d59062c,paperclip,Bag seal,,,,,
f289fb2c13d244b9368a,book,Pressing flowers,,,,,
870a183c9256e01805d7,fork,DIY wind chime,,,,,
3de3511ecc0730ac7d66,book,Bookend,,,,,
d86242cdfbe26faccf82,fork,Zipper pull,,,,,
288eab85b7408c27cea6,can,DIY lamp,,,,,
4b97003fa8ebab83dee8,paperclip,Wind chime component,,,,,
f2458fdb81d5d98dc9c8,book,Table centerpiece,,,,,
fcbcc447144d19e626c7,paperclip,Photo holder,,,,,
7471d302fcfc689af72a,can,Bird feeder,,,,,
a47eaeb8fe757dd43d06,towel,Cleaning up spills,,,,,
6fd90d15de66b5371cae,towel,Polishing jewelry,,,,,
8d15f71237f7dcdfcd6a,paperclip,Bag seal,,,,,
3816d46c03e5ffc2b7ae,paperclip,Cable organizer,,,,,
5c379e7d5f2566e0b8f7,can,Drum,,,,,
b305624cffb0b94ed5cc,can,Pencil case,,,,,
f09c0799afb9618aa808,towel,Dusting cloth,,,,,
4f474ff3ee6ae41fcad6,book,Table leg leveler,,,,,
96398d129058c7acec10,towel,Polishing jewelry,,,,,
c915d0eb4a23bed3142d,towel,Signaling for help,,,,,
57148959c40c052d129c,book,Building material,,,,,
8e99e81752a150fbf280,fork,Hair pick,,,,,
385b7608f42568f0ff1d,paperclip,Plant marker,,,,,
b772594b01026c72a92d,can,Vase,,,,,
f406ce904a6f64530ccc,book,Table leveler,,,,,
2db04b1b5697104242ff,paperclip,Zipper pull,,,,,
6a63f55fc5e900b7a3a1,towel,Tablecloth,,,,,
40a64575871393424fe8,towel,Polishing metal,,,,,
db9e174fc9ca985e20ca,book,Prop,,,,,
ffa0e908b27a8b722b4b,paperclip,Plant stake,,,,,
197b8c69e976fdb557c0,towel,Creating a puppet,,,,,
d22a750c5a8219ff7ace,can,DIY lamp,,,,,
b73997f37fcc35a9500d,book,Kindling,,,,,
979d91a8bf5915052124,paperclip,Plant stake,,,,,
a6dd1a3334b31a3d4f2e,fork,Zipper pull,,,,,
c1a0ec7a3f7c62f1bb94,fork,Cable organizer,,,,,
f72a48d26c6338f35f0c,paperclip,Temporary fix for a broken zipper,,,,,
19689cbaf178ef5f2f14,towel,Crafting a puppet,,,,,
0d9291e1070f48654862,towel,Dusting furniture,,,,,
e5f10253740324559573,towel,Dusting cloth,,,,,
b2122cdb76bb00b35ed8,book,Decorative centerpiece,,,,,
9701cbc07d563d9fc875,fork,Percussion instrument,,,,,
fa52fe737d9f67614c37,towel,Insulating pipes,,,,,
e1b3930bebc2a71287a9,book,Building material for a fort,,,,,
f1333da02e34696d4dc1,book,Decoration,,,,,
26f40bf523219974bfc1,book,Kindling,,,,,
06fd03511008738b9f78,paperclip,Zip tie replacement,,,,,
2ef74f3693e976f1e8e2,paperclip,DIY jewelry,,,,,
78ea8fc808856ccc0c22,book,Decorative centerpiece,,,,,
d30a80d455e6882e2361,fork,Science experiment probe,,,,,
0ae338ea5de689bcf29b,can,Sculpture base,,,,,
c6396eec0a85bc9a3167,fork,Hair accessory,,,,,
a1ef82d0f20ae9961b9e,can,Drum,,,,,
d6649b85ed960c6ed4d9,towel,Dusting aid,,,,,
b64cb0af6faf3a7b0f32,towel,Creating a DIY photo studio backdrop,,,,,
19bf2d77e9e2880de62e,towel,Photography prop,,,,,
b7b8a574130decd8bda4,paperclip,DIY wind chime,,,,,
70254f40e02da78b1f50,fork,Picture hanger,,,,,
805e0bf9ee84409e3e0a,fork,DIY wind chime,,,,,
af912c2a51a357c00037,towel,Theatre costume,,,,,
cccb9ff76b6f03fdf445,fork,Mini shovel,,,,,
96c88968fafc965d9707,book,Bookshelf decoration,,,,,
98057346342332d84d4d,book,Pressing flowers,,,,,
4bc86da0a5269d8c1a2f,can,DIY lamp,,,,,
f22231dae6706b514d12,paperclip,Bookmark,,,,,
ffe6ba754c1260d531e3,paperclip,Temporary fix for a broken zipper,,,,,
654378d359e41e929f7a,paperclip,Bag seal,,,,,
2d56398421922c20ca5a,book,Doorstop,,,,,
4d661e9560694c5c6d64,towel,Drop cloth,,,,,
b3c5d7476acb0e71a2da,paperclip,Plant stake,,,,,
da03e3c6d042b5a97db9,towel,Silencing a squeaky door,,,,,
0e86cd985df0cfada041,towel,Wiping down equipment,,,,,
4775f55117b1377e8ac5,fork,Crafting tool,,,,,
c7ac9d4ca2ac2e747ce3,can,Bookend,,,,,
d48f0f1370c744c5f657,book,Decorative centerpiece,,,,,
1b0ad4279db74743f8bd,fork,Plant label,,,,,
28189dd460c5e199fd09,can,Planter,,,,,
8d2888b4c7f7e60a8d0c,paperclip,Cable organizer,,,,,
7279998d5b361aa90c8f,fork,Science experiment probe,,,,,
490aed171c95bace00ba,can,Shelf decoration,,,,,
baa1fcdd5fd52ae87c3c,can,Drum,,,,,
e72cbad061f9e226dba0,fork,Plant label,,,,,
c4224e34b5a796d8252f,book,Desk organizer,,,,,
29bc929ce928d877df48,paperclip,Cable organizer,,,,,
38cbaab5ed210c28e709,book,Plant stand,,,,,
ba1f09e325dd183ddc45,towel,Drying pets,,,,,
059e51bda6e6318f31e3,towel,Dusting rag,,,,,
f2fdc967fbd43a9c4f70,paperclip,Cord organizer,,,,,
6283e94f5ade5a2a2b88,towel,Creating a makeshift curtain,,,,,
b375d2f76d858f0e76f6,can,DIY lamp,,,,,
2ac05ba00254e785fe9b,fork,Hair pick,,,,,
0b7958e286178c3e0f63,towel,Picnic blanket,,,,,
87996ddcc090a420ec84,towel,Making a makeshift rope,,,,,
96bf2d1bb53e29f2cf3b,towel,Protecting surfaces,,,,,
3f9a5615176fa850c057,paperclip,Emergency screwdriver,,,,,
7591f9e76b8e0f9b20f0,towel,Drying wet books,,,,,
a075186e924a9def403c,can,Vase,,,,,
280c6a922363a25fe70a,towel,Making a puppet,,,,,
3fe2bdbe3d8e83bc4166,book,Floor leveler,,,,,
6bb01959e4bbc8b8f2f9,book,Building material,,,,,
a73c5d96df361a13b4cf,book,Stepping stool,,,,,
fcd8178f5faa824ddeb8,towel,Cleaning spills,,,,,
2de1a5c35e196b6eae69,can,DIY kit component,,,,,
f9641b75e420b317ae0b,can,Vase,,,,,
7cd9941dd11bf8c899ae,can,Plant holder,,,,,
d0a77daad4f465df3a81,towel,Paint smock,,,,,
60f68efddba15e6837cf,can,Drum,,,,,
8687af2d17307eb3fb57,fork,Craft project base,,,,,
97dae14634c67c5fba4c,book,Pressing flowers,,,,,
ae3a79d9efbc86ce1865,paperclip,Cord manager,,,,,
2f19e73dd859413089f0,paperclip,Zipper pull,,,,,
8e8c3c85b47b8a6ade89,towel,Insulating pipes,,,,,
79e0566e2686e2a2bb1f,fork,Science experiment tool,,,,,
edd93765cd2afd4b4f3c,paperclip,Picture hanger,,,,,
91857c0534045c832889,can,Pen holder,,,,,
ac34a6ece45387734a3b,paperclip,Bag seal,,,,,
5439f079c082e354e0eb,can,Drum,,,,,
c6e5defe1214f7f872d7,can,Planter,,,,,
023564ada8c8eec084ca,paperclip,Emergency needle holder,,,,,
78b538f9036e4dcec953,can,Drum,,,,,
f505673d5a122b51e842,paperclip,Bookmark,,,,,
8db2efec69427660b43e,towel,Insulating plants,,,,,
49d2380b12c744cba449,book,Wall decoration,,,,,
61942eca5368ff1abb74,book,Weapon,,,,,
3d83c6d686e8c33636a9,fork,Hair accessory,,,,,
14f8ca7d5bf80f4d0baf,fork,Guitar slide,,,,,
975d4c253943e875e919,can,DIY lamp,,,,,
03d3af8321fa0b643382,towel,Impromptu curtain,,,,,
789587fe924b1769d874,can,Plant marker,,,,,
bda37946bf733a30d5c4,book,Doorstop,,,,,
e33a75ad5dd91365c2b4,book,Pressing flowers,,,,,
a964bf2a25e3a4b01619,can,As a drum,,,,,
420e1992e31daeb7d44a,can,Science experiment container,,,,,
e4b7d2a69db20d121f8e,paperclip,Cord weight,,,,,
9ad4e1a98cc5f4e8e53f,book,Doorstop,,,,,
1e62647848f07bf480ad,fork,DIY wind chime,,,,,
abb40ff08082a71a4888,fork,Plant stake,,,,,
b7fc6323f3b09bcfefa7,fork,Zipper pull,,,,,
780c713b1b45d4572b6a,can,Wind chime,,,,,
9aaf6ac373aec69d5da9,book,Wall decoration,,,,,
63f12a41fed8c34abe23,paperclip,Photo display,,,,,
01dddde82293d73fdf65,can,Storage container,,,,,
273387b19a24e096f89c,can,Pen holder,,,,,
4d04f2aeaeb33551699e,paperclip,Emergency sewing needle,,,,,
8b6aa4da62058739d531,fork,Picture hanger,,,,,
515ce6c5bacd7e9954cf,book,Stepping stool,,,,,
34459880fd041cc963a6,fork,Cake tester,,,,,
1f95f8abdd39df14704c,book,Bookend,,,,,
103a7abc4dfe0bd04353,can,Pen holder,,,,,
efe3ae7b50b92db52719,book,Paperweight,,,,,
66dc4f706ad3d1e070e5,book,Shelf filler,,,,,
e152de70f987378ac257,paperclip,DIY jewelry,,,,,
847969678d447e7a0a03,book,Bookshelf decoration,,,,,
0459cb79e04e7134801b,book,Pressing flowers,,,,,
937a61b73244b56563ba,paperclip,Sculpture material,,,,,
6f32df2ef2c40ac84f98,paperclip,Wind chime component,,,,,
6ad5f9de83abc9682894,paperclip,Emergency screwdriver,,,,,
cafa90f526cb3c21fbfb,can,Bird feeder,,,,,
d2be2813308d3d0213f8,towel,Securing loads,,,,,
76f00a8201f15e5423b0,can,Robot body,,,,,
7e942aa4a6ce85d0b9db,fork,Plant label,,,,,
4db8f508110022eda751,towel,Crafting a puppet,,,,,
34f64aeeceb53e31f152,can,Science experiment container,,,,,
f37b4a852f0cc916a56e,fork,Pencil holder,,,,,
6c5cdb07df4604b39bdf,can,Pen holder,,,,,
ffba095be585d78c8b48,towel,Making a DIY puppet,,,,,
dfe2df2544da6e3050a5,can,Doorstop,,,,,
979c71e6cd0a89139958,book,Gift wrap,,,,,
9de239427b3152549d9c,book,Pincushion base,,,,,
79d1d1f3c3fa10deaea1,fork,Miniature sculpture base,,,,,
e2279870d3a1a012da86,can,Robot body,,,,,
b0cf37910139d667747c,fork,Wind chime component,,,,,
13bd661653574d67f8b8,can,Bird feeder,,,,,
ac018dda57f0686c11e4,fork,Science experiment tool,,,,,
f32da4fe814ffb3e0866,book,Room divider,,,,,
71ab059cd39d18c9e106,book,Dust collector,,,,,
9337c589e8c251f3045e,paperclip,Wind chime component,,,,,
d9ea617d9b1df7041e87,paperclip,Zip tie replacement,,,,,
a5a68aa1d4823c5ab8b8,can,Science experiment container,,,,,
3b218e1c7ef6599307ca,fork,Hair accessory,,,,,
bfba6ed2d8a07dad51a8,fork,Sculpture material,,,,,
c3b88bec210c703f3a40,towel,Cleaning rag,,,,,
67e66d56d0f45ff1f978,can,Gift container,,,,,
3d7e5525d43b714c3bd5,can,Gift container,,,,,
7101c182ac4862dd0910,paperclip,Temporary fix for a broken zipper,,,,,
c7fa7e8e568f6a5aa3c5,book,Decoration,,,,,
6c8c9462cd398c11d3f5,paperclip,Zipper pull,,,,,
fe8f49cb9cee6d685b3c,can,Vase,,,,,
aba75806d633fdfe1125,book,Decorative centerpiece,,,,,
6170dda400cd35dcc854,can,Pen holder,,,,,
18abf8dabafae4afac39,can,Wind chime,,,,,
aec219c0dd9a898c8508,towel,Tablecloth,,,,,
0c02c9c1491dd3f35578,paperclip,Bag seal,,,,,
5290bb2a3ec6831cc27d,towel,Making a DIY photo studio,,,,,
7b5c5b07673ece983d5e,can,Vase,,,,,
699fe4106d3c7736b4c6,can,Pen holder,,,,,
9bd6cf700decdba529aa,towel,Polishing mirrors,,,,,
59fe0aaf68818af572b1,book,Doorstop,,,,,
959ff2ae846a66555aa9,towel,Securing a load,,,,,
8a7fa8c0a509f77610eb,towel,Cleaning mirrors,,,,,
40f85a6dd24ec414c807,can,Planter,,,,,
450abe10e10fb87018a0,towel,Making a rope,,,,,
f822b5f2b1d8fa2cd094,towel,Polishing metal,,,,,
49599720000a5d7e09bb,book,Decoration,,,,,
4a70cfd2c90937b046e0,can,Pen holder,,,,,
2896118dfe254bcfbd27,paperclip,Zipper stop,,,,,
36148e73a1f82b9ed079,can,Geodesic dome component,,,,,
8228700290ff49692177,book,Pressing flowers,,,,,
d6a95919f39353633535,paperclip,Emergency fix for a broken zipper,,,,,
328fabc5b783710d3789,can,Science experiment container,,,,,
3c85bb5fae78b0b42277,book,Bookend,,,,,
9da9e8c6a753e0b1344e,book,Paperweight,,,,,
78ca5fde82c4e2ebc3ec,fork,Picture hanger,,,,,
00e7920fcd326a53e513,book,Table stabilizer,,,,,
918abc93b3010465dc92,can,Bookend,,,,,
828f536462a27d482362,book,Bookend,,,,,
0a251621c1c66fe060d4,can,Vase,,,,,
c4160df092df9305bdbc,fork,Sculpture material,,,,,
1c32efe21ddaf20590d2,fork,Hair pick,,,,,
7644cd97e174dcd66158,towel,Impromptu costume or prop,,,,,
c62791bbe6d521ed714d,can,Science experiment container,,,,,
86504b4fa1d4ce081e7b,towel,Drop cloth,,,,,
4535ae696b0a026fda80,can,Wind chime,,,,,
afbdccebc9dd64b62f22,paperclip,Zipper pull,,,,,
b7c425c1f37a60e99658,fork,Mini shovel,,,,,
0823dc7834f145128156,can,Vase,,,,,
59f0a39b1786d023b468,fork,Hair accessory,,,,,
c63cd7efa0b92a387dd4,book,Doorstop,,,,,
f6d7773c8bffe3d74b18,fork,Jewelry maker,,,,,
b11b5a526aaf3ddd5527,paperclip,Plant marker,,,,,
c2355b7e3b59f057d880,can,Pen,,,,,
6a796e5a0684357409ae,can,Pencil case,,,,,
d52bdb29715f834f26f4,paperclip,Plant marker,,,,,
5c5fdcdc3c6eee077ed4,towel,Cleaning rag,,,,,
c7958b0be0a4b62dc14a,fork,Bag closure,,,,,
eb657daee4a62a932ff9,can,Wind chime,,,,,
664d15cc6ab8e8c86844,book,Building material for a fort,,,,,
cf398ca9fbfbd7aa2611,fork,Sculpture material,,,,,
0e5509cd7778c1b96754,towel,Creating a DIY photo studio,,,,,
a0769715c1c341781f5e,can,Drum,,,,,
23092ab0b294c7630f02,paperclip,Bookmark,,,,,
839b635aacb67e0cc4b0,fork,Painting tool,,,,,
9af67e8304bb784e2a9d,book,Kindling,,,,,
57f841605cf8ce82cd6e,paperclip,Science experiment material,,,,,
3f4779974253577a15a1,book,Gift wrap,,,,,
4f5b60fcc2317a82e48c,towel,Cleaning mirrors,,,,,
069238b45534a7e87a9d,towel,Dusting furniture,,,,,
69905950e2702ebf5a39,book,Bookshelf decoration,,,,,
da1c53d73497058dc543,towel,Dusting cloth,,,,,
9664b086599ed6fdfd2f,fork,Marking tool for clay,,,,,
67f280d27343f52c5632,fork,Picture frame decoration,,,,,
bfce73b64b0ad4c299bb,can,Vase,,,,,
d539efccbac0fe15d97b,fork,Plant label,,,,,
38baac9c2e8df461c4da,book,Decoration,,,,,
c8e506660ffda251d6bf,book,Bookend,,,,,
8694483060427fad6bc5,towel,Securing plants,,,,,
0464fd343f1707cc9b5b,book,Birdhouse decoration,,,,,
0bb33b5510739d484a5c,can,Desk organizer,,,,,
3ab188ff471dfa776008,can,Vase,,,,,
946d497cda348b3ac6dd,fork,Hair pick,,,,,
7be0f9771d9792b69cb6,towel,Securing plants,,,,,
ac88a85e5f23ad84fba4,book,Shelf filler,,,,,
1b8cebe08293e4d83b80,paperclip,DIY wind chime,,,,,
fe904630e40dac95d717,book,Paperweight,,,,,
85b7c8904bf56575d472,book,Decoration,,,,,
898d1a2a2d2c00ef1abc,paperclip,Bookmark,,,,,
b71eb876d336aaa99503,towel,Polishing metal,,,,,
b19132f8a3d307fccee7,can,Vase,,,,,
af14303486627d20254d,fork,DIY wind chime,,,,,
dfe31f2b1ea0ef388102,paperclip,Cord organizer,,,,,
2897c90e4574d4ca32bc,can,Vase,,,,,
33b40c48974d2236629a,fork,Bookmark,,,,,
fa2041c6647388cfbb8a,paperclip,Bookmark,,,,,
2cecc4ec92c9f0e1b5c0,paperclip,Zipper pull,,,,,
4d53b2c9b18e8651d8df,towel,Polishing shoes,,,,,
eacb85613d7fd9bff3eb,paperclip,Temporary fix for a broken zipper,,,,,
d618cceb2615ec516d5f,paperclip,Bag seal,,,,,
c3e09504c2b9839ce867,can,Gift container,,,,,
345bc6a15e936de5a4a0,can,Pen holder,,,,,
d89287ca25f435a59811,towel,Wiping down gym equipment,,,,,
41d96dbb1d81ea07ee08,paperclip,Picture hanger,,,,,
cb5b854f708ac64e34ea,can,Birdhouse,,,,,
5bafbf6c02c74b81a36c,paperclip,Plant stake,,,,,
efc8c9ccb17ae4ac23c2,paperclip,Zipper pull,,,,,
5553fbf5203f6ed01117,paperclip,Wind chime component,,,,,
c6e04d438547ff63b846,can,Wind chime,,,,,
ec0ec569eae7ae4882dd,paperclip,Temporary fix for a broken zipper,,,,,
56de04f3179a9a243ebe,can,Wind chime,,,,,
171730e9552497c2c030,paperclip,Plant marker,,,,,
d57ed4139803ccde71ac,paperclip,Sculpture material,,,,,
2a05e70591f677c2e64b,can,Science experiment container,,,,,
fde49902c42d9f4db7f9,fork,Picture frame decoration,,,,,
a925676e563350402d13,book,Building material for fort,,,,,
14ad13e0804f093607d1,can,Drum,,,,,
0a259838facea384cbca,paperclip,Bag seal,,,,,
784bcdc2dd3082a169fc,paperclip,Temporary fix for a broken zipper,,,,,
1c3fa6384596c0f82947,towel,Drying plants,,,,,
4a3788b96674c82df557,towel,Drop cloth for painting,,,,,
6fc611f3c37119733ca9,can,Sculpture base,,,,,
359c71658c9038f829e8,book,Decorative wall hanging,,,,,
16f45d5272fdc70bd5a4,fork,Hair pick,,,,,
2aed6aaa9d612141717c,towel,Creating a photography backdrop,,,,,
e2947d507e136bac6072,towel,Cleaning up spills,,,,,
df52ac0a941214be3b9e,fork,Cable organizer,,,,,
f7b251c2c0012395bbc2,towel,Impromptu curtain,,,,,
691b11ecf1ef8f55f6b5,can,Pencil sharpener container,,,,,
051f64285b368d0390b8,can,Wind chime,,,,,
4b6f5837ac452a1574f4,paperclip,Emergency zipper pull,,,,,
5b698f6c6ab57e5950ff,paperclip,Cable organizer,,,,,
1a302d400a133b82a3d6,towel,Cleaning up spills,,,,,
185afab5c809c64f7696,paperclip,Temporary fix for a broken zipper,,,,,
f27689c959603d22acaa,paperclip,Phone stand,,,,,
f58520c22cd4f1c0907e,book,Base for lamp,,,,,
44bc49c1ec937fc8c27b,towel,Insulating plants,,,,,
00dcb7b5b99bc96f427d,fork,Crafting tool,,,,,
c8540fe5f23d63e0dc10,paperclip,DIY wind chime,,,,,
eb78dc8c1b11b8cf24e5,can,Planter,,,,,
b3edb446d90d3139f9a0,can,Gift container,,,,,
fd12d56f7e832922c55f,towel,Weed barrier,,,,,
f2c753894a39ebd7f532,towel,Providing a makeshift curtain,,,,,
676a545a6b12c10cc7a5,book,Doorstop,,,,,
50c6e524716ee63f592e,book,Floor leveler,,,,,
213f70b683a4d41d9376,can,Planter,,,,,
f8eea5c58c2278b9dd9e,book,Doorstop,,,,,
cfce98588769392ecd69,can,Science experiment container,,,,,
bb208660a9a5f9780ab9,book,Doorstop,,,,,
7acc1e38f921c472be4a,fork,Garden marker,,,,,
50669894cb2fe6e624d1,fork,Garden marker,,,,,
a721764c33b8a721d126,fork,Picture holder,,,,,
a65eded3221e8838c09b,fork,DIY wind chime,,,,,
077825a65905fb0168fc,paperclip,Bag seal,,,,,
e08d06cb15f5f047611e,can,Paperweight,,,,,
5b206581b70c10de5487,paperclip,Temporary fix for broken jewelry,,,,,
a00b42c88b6285515c40,can,Vase,,,,,
6d9c1195247523fa0af8,paperclip,Plant marker,,,,,
ef5c1012c7e07aa9dbf5,book,Kindling,,,,,
1ab0330ba49f3acd6a0d,book,Table riser,,,,,
31f62e68a290319a36cc,can,Science experiment container,,,,,
14315a0f0e5d0fa3f1db,fork,Hair pick,,,,,
4ab109813cbb0b9d8f53,fork,Science experiment tool,,,,,
233ec21e403a903251c4,book,Mousepad,,,,,
145d129c19c7462dcbd5,towel,Dusting cloth,,,,,
cfce870da6a83e93f011,book,Crafting material,,,,,
6b232126c5eabd901f40,towel,Cleaning paintbrushes,,,,,
68b4cef971cdb04bd00a,can,Pencil case,,,,,
6355469f704b807421d1,towel,Improvising a curtain,,,,,
a42fe12f9ad9a97d97cf,fork,Plant stake,,,,,
e430f3b2c122d425307b,paperclip,Zipper charm,,,,,
bd36dbd838508bea6d8e,fork,Garden marker,,,,,
359572660ef5abc62f4d,can,DIY lamp,,,,,
88a0b6269b659d669e08,fork,Crafting material,,,,,
5bda53ed8d628e606362,towel,Protecting furniture,,,,,
7a6b7cecc1b0f6d1c13a,fork,Wind chime component,,,,,
011dd8e205c78fc18826,towel,DIY puppet,,,,,
e9f145e9c2dcd39e668f,book,Pressing flowers,,,,,
f1c8979b3560cd8c1e0b,book,Paperweight,,,,,
096f78f13caf528bd5c0,paperclip,Wind chime component,,,,,
cbfa77ca0e7d7d8cd57d,fork,DIY wind chime,,,,,
2ed1648d69b8daa6456f,paperclip,Cable organizer,,,,,
5203408c9279eaee726c,can,Craft project material,,,,,
a890658ee0023018baa3,paperclip,Temporary fix for a broken zipper,,,,,
fecdbc4ab76f19fb31de,can,Pen holder,,,,,
22a9205bdf36501ba653,can,Planter,,,,,
30bbe23c55f3752ac8ab,can,Bird feeder,,,,,
ed229b807ac3a9bb2f92,book,Centerpiece,,,,,
07b2d7b1818bb91874a4,book,Table leg support,,,,,
dbcba9e5aea08da9d011,towel,Creating a DIY photo studio,,,,,
dbff7ae60bdc65558ced,paperclip,Plant stake,,,,,
1d075286d82e9e0be9a8,can,Bookend,,,,,
962bf150f3d076621f96,book,Pressing flowers,,,,,
b7b2d8c1adb557d2343c,towel,Sound dampener for drums,,,,,
cf1ed3bf2dd1bf09bde6,paperclip,Cable organizer,,,,,
fff5140a554a324e0a58,towel,Making a quilt,,,,,
7e882b63c359e05ab0c6,book,Pressing flowers,,,,,
4bc3ca90d9d1e9729cdd,book,Gift wrap base,,,,,
3db2fc22ce6623f263d8,fork,Guitar slide,,,,,
f9cadf3f4a4a003f578f,paperclip,Plant marker,,,,,
16eaa0b6e02487db9587,fork,Picture frame decoration,,,,,
5f82d12ba2d7fe0c75a4,book,Shelf filler,,,,,
52b987b4674f6852c4e9,towel,Polishing jewelry,,,,,
dc6c225a149e5542b9f1,book,Doorstop,,,,,
a0cfa2006c3a9edbdd3a,paperclip,Science experiment material,,,,,
53453f6b9234f155fe6e,can,Planter,,,,,
16006eed6355c18c2672,towel,Dusting furniture,,,,,
ca315d48e211803378fe,paperclip,DIY jewelry,,,,,
065c60d9b2d1048f583b,can,Science experiment container,,,,,
ab395ef6434a91b0fba3,paperclip,Picture hanger,,,,,
39dc03c9fe49b9d77bb3,towel,Making a rope,,,,,
fb7478ae50843e23b44f,book,Bookend,,,,,
342d5ffeb2e6737f6db4,towel,Creating a fort,,,,,
491212ee9e771fa90b16,paperclip,Sculpture material,,,,,
82ac0c336c2bb77cac02,paperclip,Plant marker,,,,,
6639eb0fa786b329d023,can,Vase,,,,,
7c6baa17c78b490114dc,fork,Mini shovel,,,,,
995d9f78bcbf21b85952,towel,Creating a photography backdrop,,,,,
d657c23ee2c785f027d5,paperclip,Emergency sewing needle,,,,,
4079bbf2ce9536211d4c,fork,Sculpture material,,,,,
5928099db5fa72006c93,book,Paperweight,,,,,
733092936c0c43afec34,fork,Zipper pull,,,,,
cdbf80f52a97d1efbb7a,can,Vase,,,,,
cbc90ab466304a5c5896,fork,Science experiment prop,,,,,
e3f967edac9f0dffbc59,towel,Wrapping gifts,,,,,
82893d96dca705b8bfa0,can,DIY lamp,,,,,
0429b78d5ea7c7307f6b,fork,Miniature plant stake,,,,,
0048e3ae54f32f501180,towel,Securing loads,,,,,
81f0b180bc72bc5ac63f,fork,Sculpture material,,,,,
e2953ef846ba22f6eb0f,towel,Photography prop,,,,,
0f4941d6250a30b33565,book,Doorstop,,,,,
de2ec276d5c4aa329170,towel,Polishing metal,,,,,
4f1587df70883dd1a186,can,Pen holder,,,,,
814edf6b96a70b3ee004,book,Gift wrap base,,,,,
93c37ab53926b11ea428,fork,Plant label,,,,,
134b6005732d6ec3673f,can,Decorative centerpiece,,,,,
880778c8a5d087090c5e,fork,Pencil holder,,,,,
9852315913f39d067d72,book,Paperweight,,,,,
1b270d51bd1633997336,can,Vase,,,,,
5693a17af523aad93086,can,DIY shaker instrument,,,,,
be15f3bf9012c8af5fb0,can,Doorstop,,,,,
eebd8543ab0b5bd83cec,towel,Cleaning spills,,,,,
f6dd7cdaad996da600b5,can,DIY lamp,,,,,
