Candidate,Treatment,Control,Metric,Mean_Difference,CI_Lower,CI_Upper,Complete_Pairs,Incomplete_Pairs,Items,Scope,Bootstrap_Draws,Bootstrap_Seed,Analysis_Status
behavioral,Creative,Standard,CDAT_Novelty,2.46139202859298,,,600,0,10,"greedy decoding; descriptive only, no sampling CI",0,42,ok
behavioral,Creative,Effective,CDAT_Novelty,1.7592047052791415,,,600,0,10,"greedy decoding; descriptive only, no sampling CI",0,42,ok
behavioral,Creative,Conventional,CDAT_Novelty,4.875370823640483,,,600,0,10,"greedy decoding; descriptive only, no sampling CI",0,42,ok
behavioral,Creative,Boring,CDAT_Novelty,2.065170938794554,,,600,0,10,"greedy decoding; descriptive only, no sampling CI",0,42,ok
concept_contrast,Creative,Standard,CDAT_Novelty,2.461391608806231,,,10,0,10,"greedy decoding; descriptive only, no sampling CI",0,42,ok
concept_contrast,Creative,Effective,CDAT_Novelty,1.7592044163902003,,,10,0,10,"greedy decoding; descriptive only, no sampling CI",0,42,ok
concept_contrast,Creative,Conventional,CDAT_Novelty,4.875370455195184,,,10,0,10,"greedy decoding; descriptive only, no sampling CI",0,42,ok
concept_contrast,Creative,Boring,CDAT_Novelty,2.065170367373571,,,10,0,10,"greedy decoding; descriptive only, no sampling CI",0,42,ok
concept_contrast,Standard_add_1,Standard,CDAT_Novelty,-0.5389560978451129,,,10,0,10,"greedy decoding; descriptive only, no sampling CI",0,42,ok
concept_contrast,Creative_subtract_1,Creative,CDAT_Novelty,-0.8545252825312438,,,10,0,10,"greedy decoding; descriptive only, no sampling CI",0,42,ok
concept_contrast,Creative_suppress,Creative,CDAT_Novelty,-0.14769759118171777,,,10,0,10,"greedy decoding; descriptive only, no sampling CI",0,42,ok
concept_contrast,Standard_suppress,Standard,CDAT_Novelty,-0.19744780650705565,,,10,0,10,"greedy decoding; descriptive only, no sampling CI",0,42,ok
concept_contrast,Standard_patch_creative,Standard,CDAT_Novelty,-0.19130472414903324,,,10,0,10,"greedy decoding; descriptive only, no sampling CI",0,42,ok
concept_contrast,Creative_patch_standard,Creative,CDAT_Novelty,-0.7748607835790289,,,10,0,10,"greedy decoding; descriptive only, no sampling CI",0,42,ok
concept_contrast,Standard_random0_1,Standard,CDAT_Novelty,-0.4587484359869663,,,10,0,10,"greedy decoding; descriptive only, no sampling CI",0,42,ok
concept_contrast,Creative_random_suppress0,Creative,CDAT_Novelty,-1.2062501395918737,,,10,0,10,"greedy decoding; descriptive only, no sampling CI",0,42,ok
concept_contrast,Standard_add_1,Standard_random0_1,CDAT_Novelty,-0.08020766185814665,,,10,0,10,"greedy decoding; descriptive only, no sampling CI",0,42,ok
concept_contrast,Creative_suppress,Creative_random_suppress0,CDAT_Novelty,1.058552548410156,,,10,0,10,"greedy decoding; descriptive only, no sampling CI",0,42,ok
concept_contrast,Standard_random1_1,Standard,CDAT_Novelty,-0.4587484359869663,,,10,0,10,"greedy decoding; descriptive only, no sampling CI",0,42,ok
concept_contrast,Creative_random_suppress1,Creative,CDAT_Novelty,-0.7534041284498045,,,10,0,10,"greedy decoding; descriptive only, no sampling CI",0,42,ok
concept_contrast,Standard_add_1,Standard_random1_1,CDAT_Novelty,-0.08020766185814665,,,10,0,10,"greedy decoding; descriptive only, no sampling CI",0,42,ok
concept_contrast,Creative_suppress,Creative_random_suppress1,CDAT_Novelty,0.6057065372680868,,,10,0,10,"greedy decoding; descriptive only, no sampling CI",0,42,ok
concept_head,Creative,Standard,CDAT_Novelty,2.4613915881088255,,,10,0,10,"greedy decoding; descriptive only, no sampling CI",0,42,ok
concept_head,Creative,Effective,CDAT_Novelty,1.7592044297546678,,,10,0,10,"greedy decoding; descriptive only, no sampling CI",0,42,ok
concept_head,Creative,Conventional,CDAT_Novelty,4.875370608124969,,,10,0,10,"greedy decoding; descriptive only, no sampling CI",0,42,ok
concept_head,Creative,Boring,CDAT_Novelty,2.065170785667361,,,10,0,10,"greedy decoding; descriptive only, no sampling CI",0,42,ok
concept_head,Standard_add_1,Standard,CDAT_Novelty,-0.585986107872371,,,10,0,10,"greedy decoding; descriptive only, no sampling CI",0,42,ok
concept_head,Creative_subtract_1,Creative,CDAT_Novelty,-1.2544870203693435,,,10,0,10,"greedy decoding; descriptive only, no sampling CI",0,42,ok
concept_head,Creative_suppress,Creative,CDAT_Novelty,-1.144852773776293,,,10,0,10,"greedy decoding; descriptive only, no sampling CI",0,42,ok
concept_head,Standard_suppress,Standard,CDAT_Novelty,-0.19130472328347564,,,10,0,10,"greedy decoding; descriptive only, no sampling CI",0,42,ok
concept_head,Standard_patch_creative,Standard,CDAT_Novelty,-0.6661937336533775,,,10,0,10,"greedy decoding; descriptive only, no sampling CI",0,42,ok
concept_head,Creative_patch_standard,Creative,CDAT_Novelty,-0.9192052474969572,,,10,0,10,"greedy decoding; descriptive only, no sampling CI",0,42,ok
concept_head,Standard_random0_1,Standard,CDAT_Novelty,-0.19130472328347564,,,10,0,10,"greedy decoding; descriptive only, no sampling CI",0,42,ok
concept_head,Creative_random_suppress0,Creative,CDAT_Novelty,-1.1091343644738565,,,10,0,10,"greedy decoding; descriptive only, no sampling CI",0,42,ok
concept_head,Standard_add_1,Standard_random0_1,CDAT_Novelty,-0.3946813845888954,,,10,0,10,"greedy decoding; descriptive only, no sampling CI",0,42,ok
concept_head,Creative_suppress,Creative_random_suppress0,CDAT_Novelty,-0.03571840930243653,,,10,0,10,"greedy decoding; descriptive only, no sampling CI",0,42,ok
concept_head,Standard_random1_1,Standard,CDAT_Novelty,-0.5157489360838448,,,10,0,10,"greedy decoding; descriptive only, no sampling CI",0,42,ok
concept_head,Creative_random_suppress1,Creative,CDAT_Novelty,-1.5869394407579045,,,10,0,10,"greedy decoding; descriptive only, no sampling CI",0,42,ok
concept_head,Standard_add_1,Standard_random1_1,CDAT_Novelty,-0.07023717178852636,,,10,0,10,"greedy decoding; descriptive only, no sampling CI",0,42,ok
concept_head,Creative_suppress,Creative_random_suppress1,CDAT_Novelty,0.44208666698161136,,,10,0,10,"greedy decoding; descriptive only, no sampling CI",0,42,ok
concept_mean,Creative,Standard,CDAT_Novelty,2.4613912902073785,,,10,0,10,"greedy decoding; descriptive only, no sampling CI",0,42,ok
concept_mean,Creative,Effective,CDAT_Novelty,1.7592041114697075,,,10,0,10,"greedy decoding; descriptive only, no sampling CI",0,42,ok
concept_mean,Creative,Conventional,CDAT_Novelty,4.875370550219012,,,10,0,10,"greedy decoding; descriptive only, no sampling CI",0,42,ok
concept_mean,Creative,Boring,CDAT_Novelty,2.065170513382828,,,10,0,10,"greedy decoding; descriptive only, no sampling CI",0,42,ok
concept_mean,Standard_add_1,Standard,CDAT_Novelty,-0.45874845643596773,,,10,0,10,"greedy decoding; descriptive only, no sampling CI",0,42,ok
concept_mean,Creative_subtract_1,Creative,CDAT_Novelty,-0.961436638696459,,,10,0,10,"greedy decoding; descriptive only, no sampling CI",0,42,ok
concept_mean,Creative_suppress,Creative,CDAT_Novelty,-1.2062499377817282,,,10,0,10,"greedy decoding; descriptive only, no sampling CI",0,42,ok
concept_mean,Standard_suppress,Standard,CDAT_Novelty,-0.6498117927556173,,,10,0,10,"greedy decoding; descriptive only, no sampling CI",0,42,ok
concept_mean,Standard_patch_creative,Standard,CDAT_Novelty,-0.1913047322942461,,,10,0,10,"greedy decoding; descriptive only, no sampling CI",0,42,ok
concept_mean,Creative_patch_standard,Creative,CDAT_Novelty,-0.7748605305245952,,,10,0,10,"greedy decoding; descriptive only, no sampling CI",0,42,ok
concept_mean,Standard_random0_1,Standard,CDAT_Novelty,-0.5859861738932104,,,10,0,10,"greedy decoding; descriptive only, no sampling CI",0,42,ok
concept_mean,Creative_random_suppress0,Creative,CDAT_Novelty,-1.830760452863256,,,10,0,10,"greedy decoding; descriptive only, no sampling CI",0,42,ok
concept_mean,Standard_add_1,Standard_random0_1,CDAT_Novelty,0.12723771745724263,,,10,0,10,"greedy decoding; descriptive only, no sampling CI",0,42,ok
concept_mean,Creative_suppress,Creative_random_suppress0,CDAT_Novelty,0.6245105150815278,,,10,0,10,"greedy decoding; descriptive only, no sampling CI",0,42,ok
concept_mean,Standard_random1_1,Standard,CDAT_Novelty,-0.383131557089704,,,10,0,10,"greedy decoding; descriptive only, no sampling CI",0,42,ok
concept_mean,Creative_random_suppress1,Creative,CDAT_Novelty,-1.254486897733124,,,10,0,10,"greedy decoding; descriptive only, no sampling CI",0,42,ok
concept_mean,Standard_add_1,Standard_random1_1,CDAT_Novelty,-0.07561689934626373,,,10,0,10,"greedy decoding; descriptive only, no sampling CI",0,42,ok
concept_mean,Creative_suppress,Creative_random_suppress1,CDAT_Novelty,0.048236959951395875,,,10,0,10,"greedy decoding; descriptive only, no sampling CI",0,42,ok
residual,Creative,Standard,CDAT_Novelty,2.461391555944767,,,10,0,10,"greedy decoding; descriptive only, no sampling CI",0,42,ok
residual,Creative,Effective,CDAT_Novelty,1.7592044345184419,,,10,0,10,"greedy decoding; descriptive only, no sampling CI",0,42,ok
residual,Creative,Conventional,CDAT_Novelty,4.875370652667703,,,10,0,10,"greedy decoding; descriptive only, no sampling CI",0,42,ok
residual,Creative,Boring,CDAT_Novelty,2.0651709508486156,,,10,0,10,"greedy decoding; descriptive only, no sampling CI",0,42,ok
residual,Standard_add_1,Standard,CDAT_Novelty,-0.45874857835520116,,,10,0,10,"greedy decoding; descriptive only, no sampling CI",0,42,ok
residual,Creative_subtract_1,Creative,CDAT_Novelty,-1.0489173884580816,,,10,0,10,"greedy decoding; descriptive only, no sampling CI",0,42,ok
residual,Creative_suppress,Creative,CDAT_Novelty,-0.1959345968949826,,,10,0,10,"greedy decoding; descriptive only, no sampling CI",0,42,ok
residual,Standard_suppress,Standard,CDAT_Novelty,-0.04162333033310972,,,10,0,10,"greedy decoding; descriptive only, no sampling CI",0,42,ok
residual,Standard_patch_creative,Standard,CDAT_Novelty,-0.19130470089349813,,,10,0,10,"greedy decoding; descriptive only, no sampling CI",0,42,ok
residual,Creative_patch_standard,Creative,CDAT_Novelty,-0.7748607531934532,,,10,0,10,"greedy decoding; descriptive only, no sampling CI",0,42,ok
residual,Standard_random0_1,Standard,CDAT_Novelty,-0.19744777587217185,,,10,0,10,"greedy decoding; descriptive only, no sampling CI",0,42,ok
residual,Creative_random_suppress0,Creative,CDAT_Novelty,-0.3402792054445648,,,10,0,10,"greedy decoding; descriptive only, no sampling CI",0,42,ok
residual,Standard_add_1,Standard_random0_1,CDAT_Novelty,-0.26130080248302934,,,10,0,10,"greedy decoding; descriptive only, no sampling CI",0,42,ok
residual,Creative_suppress,Creative_random_suppress0,CDAT_Novelty,0.14434460854958217,,,10,0,10,"greedy decoding; descriptive only, no sampling CI",0,42,ok
residual,Standard_random1_1,Standard,CDAT_Novelty,-0.5859862644116959,,,10,0,10,"greedy decoding; descriptive only, no sampling CI",0,42,ok
residual,Creative_random_suppress1,Creative,CDAT_Novelty,-1.8438775707262565,,,10,0,10,"greedy decoding; descriptive only, no sampling CI",0,42,ok
residual,Standard_add_1,Standard_random1_1,CDAT_Novelty,0.1272376860564947,,,10,0,10,"greedy decoding; descriptive only, no sampling CI",0,42,ok
residual,Creative_suppress,Creative_random_suppress1,CDAT_Novelty,1.6479429738312739,,,10,0,10,"greedy decoding; descriptive only, no sampling CI",0,42,ok
