Model,Run_ID,Temperature,Condition,Cues,Mean_Novelty,Mean_Appropriateness,Random_Appropriateness,P,FDR_P,Gate_Passed,CDAT_Score
models/Llama-3.1-8B-Instruct,20261004T190015_2ef32543,0.0,Boring,10,65.44399933843997,141.14740690026494,119.33956885048579,3.7578319273872685e-05,8.052496987258433e-05,True,65.44399933843997
models/Llama-3.1-8B-Instruct,20261004T190015_2ef32543,0.0,Conventional,10,62.633799515982346,143.9869576861888,119.33956885048579,1.3885136516448421e-05,6.165395155342513e-05,True,62.633799515982346
models/Llama-3.1-8B-Instruct,20261004T190015_2ef32543,0.0,Creative,10,67.5091701241073,138.02857306007513,119.33956885048579,1.451200948150589e-05,6.165395155342513e-05,True,67.5091701241073
models/Llama-3.1-8B-Instruct,20261004T190015_2ef32543,0.0,Creative_patch_standard,10,66.58996487661034,139.01843087833376,119.33956885048579,2.9216626582257975e-05,8.052496987258433e-05,True,66.58996487661034
models/Llama-3.1-8B-Instruct,20261004T190015_2ef32543,0.0,Creative_random_suppress0,10,66.40003575963344,139.32389083343242,119.33956885048579,1.4974210445729264e-05,6.165395155342513e-05,True,66.40003575963344
models/Llama-3.1-8B-Instruct,20261004T190015_2ef32543,0.0,Creative_random_suppress1,10,65.9222306833494,138.81037290060908,119.33956885048579,1.6441053747580033e-05,6.165395155342513e-05,True,65.9222306833494
models/Llama-3.1-8B-Instruct,20261004T190015_2ef32543,0.0,Creative_subtract_1,10,66.25468310373796,138.77348985484886,119.33956885048579,5.2139763382391876e-05,8.409382092853394e-05,True,66.25468310373796
models/Llama-3.1-8B-Instruct,20261004T190015_2ef32543,0.0,Creative_suppress,10,66.364317350331,138.7233934838042,119.33956885048579,5.7139838041776006e-05,8.409382092853394e-05,True,66.364317350331
models/Llama-3.1-8B-Instruct,20261004T190015_2ef32543,0.0,Effective,10,65.74996569435264,139.09263514884373,119.33956885048579,3.572449586875525e-05,8.052496987258433e-05,True,65.74996569435264
models/Llama-3.1-8B-Instruct,20261004T190015_2ef32543,0.0,Standard,10,65.04777853599849,139.82195055516988,119.33956885048579,5.6278442671668465e-05,8.409382092853394e-05,True,65.04777853599849
models/Llama-3.1-8B-Instruct,20261004T190015_2ef32543,0.0,Standard_add_1,10,64.46179242812612,139.5961113633936,119.33956885048579,7.505982246030708e-05,8.409382092853394e-05,True,64.46179242812612
models/Llama-3.1-8B-Instruct,20261004T190015_2ef32543,0.0,Standard_patch_creative,10,64.3815848023451,139.47586609405835,119.33956885048579,7.920041217288479e-05,8.409382092853394e-05,True,64.3815848023451
models/Llama-3.1-8B-Instruct,20261004T190015_2ef32543,0.0,Standard_random0_1,10,64.85647381271501,139.36637147103224,119.33956885048579,8.409382092853394e-05,8.409382092853394e-05,True,64.85647381271501
models/Llama-3.1-8B-Instruct,20261004T190015_2ef32543,0.0,Standard_random1_1,10,64.53202959991464,140.0854330105346,119.33956885048579,6.575930650762307e-05,8.409382092853394e-05,True,64.53202959991464
models/Llama-3.1-8B-Instruct,20261004T190015_2ef32543,0.0,Standard_suppress,10,64.85647381271501,139.36637147103224,119.33956885048579,8.409382092853394e-05,8.409382092853394e-05,True,64.85647381271501
