Model,Task,Temperature,Metric,Treatment,Control,Mean_Difference,CI_Lower,CI_Upper,Complete_Pairs,Incomplete_Pairs,Items,Scope,Bootstrap_Draws,Bootstrap_Seed,Analysis_Status
models/Llama-3.1-8B-Instruct,Alternative Uses Task,0,Semantic_Distance_Proxy,Creative,Standard,-0.013575612894641575,,,5,0,5,"greedy decoding; descriptive only, no sampling CI",0,42,ok
models/Llama-3.1-8B-Instruct,Alternative Uses Task,0,Semantic_Distance_Proxy,Creative,Effective,-0.006728725767727784,,,5,0,5,"greedy decoding; descriptive only, no sampling CI",0,42,ok
models/Llama-3.1-8B-Instruct,Alternative Uses Task,0,Semantic_Distance_Proxy,Creative,Conventional,0.002588010938463103,,,5,0,5,"greedy decoding; descriptive only, no sampling CI",0,42,ok
models/Llama-3.1-8B-Instruct,Alternative Uses Task,0,Semantic_Distance_Proxy,Creative,Boring,-0.010971647701312471,,,5,0,5,"greedy decoding; descriptive only, no sampling CI",0,42,ok
models/Llama-3.1-8B-Instruct,Alternative Uses Task,0,Semantic_Distance_Proxy,Standard_add_1,Standard,0.0014202635175877055,,,5,0,5,"greedy decoding; descriptive only, no sampling CI",0,42,ok
models/Llama-3.1-8B-Instruct,Alternative Uses Task,0,Semantic_Distance_Proxy,Creative_subtract_1,Creative,-0.006439032474271578,,,5,0,5,"greedy decoding; descriptive only, no sampling CI",0,42,ok
models/Llama-3.1-8B-Instruct,Alternative Uses Task,0,Semantic_Distance_Proxy,Creative_suppress,Creative,-0.0037417183928899036,,,5,0,5,"greedy decoding; descriptive only, no sampling CI",0,42,ok
models/Llama-3.1-8B-Instruct,Alternative Uses Task,0,Semantic_Distance_Proxy,Standard_suppress,Standard,-0.0004896435550261202,,,5,0,5,"greedy decoding; descriptive only, no sampling CI",0,42,ok
models/Llama-3.1-8B-Instruct,Alternative Uses Task,0,Semantic_Distance_Proxy,Standard_patch_creative,Standard,-0.0004896448483441285,,,5,0,5,"greedy decoding; descriptive only, no sampling CI",0,42,ok
models/Llama-3.1-8B-Instruct,Alternative Uses Task,0,Semantic_Distance_Proxy,Creative_patch_standard,Creative,-0.006205017371818289,,,5,0,5,"greedy decoding; descriptive only, no sampling CI",0,42,ok
models/Llama-3.1-8B-Instruct,Alternative Uses Task,0,Semantic_Distance_Proxy,Standard_random0_1,Standard,0.0004784669122227081,,,5,0,5,"greedy decoding; descriptive only, no sampling CI",0,42,ok
models/Llama-3.1-8B-Instruct,Alternative Uses Task,0,Semantic_Distance_Proxy,Creative_random_suppress0,Creative,-0.007334049101233209,,,5,0,5,"greedy decoding; descriptive only, no sampling CI",0,42,ok
models/Llama-3.1-8B-Instruct,Alternative Uses Task,0,Semantic_Distance_Proxy,Standard_add_1,Standard_random0_1,0.0009417966053649973,,,5,0,5,"greedy decoding; descriptive only, no sampling CI",0,42,ok
models/Llama-3.1-8B-Instruct,Alternative Uses Task,0,Semantic_Distance_Proxy,Creative_suppress,Creative_random_suppress0,0.0035923307083433054,,,5,0,5,"greedy decoding; descriptive only, no sampling CI",0,42,ok
models/Llama-3.1-8B-Instruct,Alternative Uses Task,0,Semantic_Distance_Proxy,Standard_random1_1,Standard,-0.004694744566059961,,,5,0,5,"greedy decoding; descriptive only, no sampling CI",0,42,ok
models/Llama-3.1-8B-Instruct,Alternative Uses Task,0,Semantic_Distance_Proxy,Creative_random_suppress1,Creative,-0.0014585631701232282,,,5,0,5,"greedy decoding; descriptive only, no sampling CI",0,42,ok
models/Llama-3.1-8B-Instruct,Alternative Uses Task,0,Semantic_Distance_Proxy,Standard_add_1,Standard_random1_1,0.006115008083647666,,,5,0,5,"greedy decoding; descriptive only, no sampling CI",0,42,ok
models/Llama-3.1-8B-Instruct,Alternative Uses Task,0,Semantic_Distance_Proxy,Creative_suppress,Creative_random_suppress1,-0.002283155222766675,,,5,0,5,"greedy decoding; descriptive only, no sampling CI",0,42,ok
