Rating_ID,Response_ID,Idea_Index,Model,Condition
6f01a5d4d5890a0654d2,20260928T115523_c26e80d9:0,0,models/Llama-3.1-8B-Instruct,Conventional
21e8140942f3259771ef,20260928T115523_c26e80d9:0,1,models/Llama-3.1-8B-Instruct,Conventional
ac55304b56a6c6e8a217,20260928T115523_c26e80d9:0,2,models/Llama-3.1-8B-Instruct,Conventional
ead033ed27de200a97c3,20260928T115523_c26e80d9:0,3,models/Llama-3.1-8B-Instruct,Conventional
0e3b533889a843ff1cce,20260928T115523_c26e80d9:0,4,models/Llama-3.1-8B-Instruct,Conventional
f2720f6f04d4ba7c091d,20260928T115523_c26e80d9:0,5,models/Llama-3.1-8B-Instruct,Conventional
24947463a117d6b77c45,20260928T115523_c26e80d9:0,6,models/Llama-3.1-8B-Instruct,Conventional
19c5cc557bbfbd58dacc,20260928T115523_c26e80d9:0,7,models/Llama-3.1-8B-Instruct,Conventional
5240c6057d0573d781a6,20260928T115523_c26e80d9:0,8,models/Llama-3.1-8B-Instruct,Conventional
1e7ecbb6b8111285249a,20260928T115523_c26e80d9:0,9,models/Llama-3.1-8B-Instruct,Conventional
029b8830c8d5041a4e42,20260928T115523_c26e80d9:1,0,models/Llama-3.1-8B-Instruct,Standard_high_temperature
ff0dc6491b1e604ead81,20260928T115523_c26e80d9:1,1,models/Llama-3.1-8B-Instruct,Standard_high_temperature
2ccbb59bf58a84c1a6a9,20260928T115523_c26e80d9:1,2,models/Llama-3.1-8B-Instruct,Standard_high_temperature
69fd507354e54a041802,20260928T115523_c26e80d9:1,3,models/Llama-3.1-8B-Instruct,Standard_high_temperature
534d0c75fc9986402152,20260928T115523_c26e80d9:1,4,models/Llama-3.1-8B-Instruct,Standard_high_temperature
73adddc25bee052c3e5f,20260928T115523_c26e80d9:1,5,models/Llama-3.1-8B-Instruct,Standard_high_temperature
06a96e24f64932461024,20260928T115523_c26e80d9:1,6,models/Llama-3.1-8B-Instruct,Standard_high_temperature
e7bca0a4c4c8e03eaac8,20260928T115523_c26e80d9:1,7,models/Llama-3.1-8B-Instruct,Standard_high_temperature
be28844c271e0afe06c9,20260928T115523_c26e80d9:1,8,models/Llama-3.1-8B-Instruct,Standard_high_temperature
9d25d0d5031800f7226f,20260928T115523_c26e80d9:1,9,models/Llama-3.1-8B-Instruct,Standard_high_temperature
2b0aa81e951c8b07c7fb,20260928T115523_c26e80d9:2,0,models/Llama-3.1-8B-Instruct,Standard_suppress
28fc23ee4445b0e546fe,20260928T115523_c26e80d9:2,1,models/Llama-3.1-8B-Instruct,Standard_suppress
9eb0bc4110a44d53f9a1,20260928T115523_c26e80d9:2,2,models/Llama-3.1-8B-Instruct,Standard_suppress
0c779b47b63624348fa6,20260928T115523_c26e80d9:2,3,models/Llama-3.1-8B-Instruct,Standard_suppress
d277e19311cf29cd6647,20260928T115523_c26e80d9:2,4,models/Llama-3.1-8B-Instruct,Standard_suppress
829931dd9ad189b2cedc,20260928T115523_c26e80d9:2,5,models/Llama-3.1-8B-Instruct,Standard_suppress
14f7439f4ccc840b8f42,20260928T115523_c26e80d9:2,6,models/Llama-3.1-8B-Instruct,Standard_suppress
0b17703355fd4e4c9122,20260928T115523_c26e80d9:2,7,models/Llama-3.1-8B-Instruct,Standard_suppress
d8429edb17b0b180ffc1,20260928T115523_c26e80d9:2,8,models/Llama-3.1-8B-Instruct,Standard_suppress
2817c2194d938a00ad0d,20260928T115523_c26e80d9:2,9,models/Llama-3.1-8B-Instruct,Standard_suppress
44bcc603516e804b9186,20260928T115523_c26e80d9:3,0,models/Llama-3.1-8B-Instruct,Creative_patch_standard
ac5e54781a050d37ad7e,20260928T115523_c26e80d9:3,1,models/Llama-3.1-8B-Instruct,Creative_patch_standard
959b78e84962690008e4,20260928T115523_c26e80d9:3,2,models/Llama-3.1-8B-Instruct,Creative_patch_standard
d72c9fd589eb30656702,20260928T115523_c26e80d9:3,3,models/Llama-3.1-8B-Instruct,Creative_patch_standard
184abb8d3c170624ccf5,20260928T115523_c26e80d9:3,4,models/Llama-3.1-8B-Instruct,Creative_patch_standard
7a7aeb8df67d3f19462e,20260928T115523_c26e80d9:3,5,models/Llama-3.1-8B-Instruct,Creative_patch_standard
f46022df4deb7a938ce9,20260928T115523_c26e80d9:3,6,models/Llama-3.1-8B-Instruct,Creative_patch_standard
02734e98c741418f002d,20260928T115523_c26e80d9:3,7,models/Llama-3.1-8B-Instruct,Creative_patch_standard
d87322afcf0fd6cb2c18,20260928T115523_c26e80d9:3,8,models/Llama-3.1-8B-Instruct,Creative_patch_standard
542539898bb9472efecb,20260928T115523_c26e80d9:3,9,models/Llama-3.1-8B-Instruct,Creative_patch_standard
271dc01789d703bec51e,20260928T115523_c26e80d9:4,0,models/Llama-3.1-8B-Instruct,Conventional
7e678624188df9cd3e3c,20260928T115523_c26e80d9:4,1,models/Llama-3.1-8B-Instruct,Conventional
e0f8644cf3285d0ffbdf,20260928T115523_c26e80d9:4,2,models/Llama-3.1-8B-Instruct,Conventional
3387ed7cfb5130b31e83,20260928T115523_c26e80d9:4,3,models/Llama-3.1-8B-Instruct,Conventional
c4fbecea60cd82a2fbde,20260928T115523_c26e80d9:4,4,models/Llama-3.1-8B-Instruct,Conventional
2ec34e99cd97af2d99d8,20260928T115523_c26e80d9:4,5,models/Llama-3.1-8B-Instruct,Conventional
ca5b015beda9fce76ca3,20260928T115523_c26e80d9:4,6,models/Llama-3.1-8B-Instruct,Conventional
6bde21065bda79dd5491,20260928T115523_c26e80d9:4,7,models/Llama-3.1-8B-Instruct,Conventional
50ccafc7045710caeea3,20260928T115523_c26e80d9:4,8,models/Llama-3.1-8B-Instruct,Conventional
7b2197d166394691b0f1,20260928T115523_c26e80d9:4,9,models/Llama-3.1-8B-Instruct,Conventional
45629aa489f2478b503f,20260928T115523_c26e80d9:5,0,models/Llama-3.1-8B-Instruct,Standard_random1_1
28ec878772920d30042d,20260928T115523_c26e80d9:5,1,models/Llama-3.1-8B-Instruct,Standard_random1_1
bfb858a30193f3666dcb,20260928T115523_c26e80d9:5,2,models/Llama-3.1-8B-Instruct,Standard_random1_1
dfccaa4e9a8a1b1a703e,20260928T115523_c26e80d9:5,3,models/Llama-3.1-8B-Instruct,Standard_random1_1
9aea64e69b06f763f277,20260928T115523_c26e80d9:5,4,models/Llama-3.1-8B-Instruct,Standard_random1_1
8196ad52859d25297554,20260928T115523_c26e80d9:5,5,models/Llama-3.1-8B-Instruct,Standard_random1_1
65d1b6a05f6402ad0314,20260928T115523_c26e80d9:5,6,models/Llama-3.1-8B-Instruct,Standard_random1_1
efd7fd8db8068e6b0b1f,20260928T115523_c26e80d9:5,7,models/Llama-3.1-8B-Instruct,Standard_random1_1
1152470ec4f65ed76d57,20260928T115523_c26e80d9:5,8,models/Llama-3.1-8B-Instruct,Standard_random1_1
01124d92d78ed5c352a3,20260928T115523_c26e80d9:5,9,models/Llama-3.1-8B-Instruct,Standard_random1_1
fab67a7d0337df4e165a,20260928T115523_c26e80d9:6,0,models/Llama-3.1-8B-Instruct,Standard_high_temperature
2b835c4241797a67cef1,20260928T115523_c26e80d9:6,1,models/Llama-3.1-8B-Instruct,Standard_high_temperature
2fd287837582dfb88d31,20260928T115523_c26e80d9:6,2,models/Llama-3.1-8B-Instruct,Standard_high_temperature
b1516d098e16af6f846a,20260928T115523_c26e80d9:6,3,models/Llama-3.1-8B-Instruct,Standard_high_temperature
47d8963c3292f6597b07,20260928T115523_c26e80d9:6,4,models/Llama-3.1-8B-Instruct,Standard_high_temperature
310e25da2c1fe5d3aa3c,20260928T115523_c26e80d9:6,5,models/Llama-3.1-8B-Instruct,Standard_high_temperature
415efc537e1cec716944,20260928T115523_c26e80d9:6,6,models/Llama-3.1-8B-Instruct,Standard_high_temperature
77acd8bfa91b5b435663,20260928T115523_c26e80d9:6,7,models/Llama-3.1-8B-Instruct,Standard_high_temperature
7224ae793776eb9c005a,20260928T115523_c26e80d9:6,8,models/Llama-3.1-8B-Instruct,Standard_high_temperature
db5b4e7631916505ba8c,20260928T115523_c26e80d9:6,9,models/Llama-3.1-8B-Instruct,Standard_high_temperature
693298c49c59a3101da6,20260928T115523_c26e80d9:7,0,models/Llama-3.1-8B-Instruct,Creative_random_suppress0
80ff5e379c3c3c0c96ab,20260928T115523_c26e80d9:7,1,models/Llama-3.1-8B-Instruct,Creative_random_suppress0
5223a9df6467e0b86a08,20260928T115523_c26e80d9:7,2,models/Llama-3.1-8B-Instruct,Creative_random_suppress0
1449371e57af3f4f58ff,20260928T115523_c26e80d9:7,3,models/Llama-3.1-8B-Instruct,Creative_random_suppress0
7561f463c45a7deeb3ae,20260928T115523_c26e80d9:7,4,models/Llama-3.1-8B-Instruct,Creative_random_suppress0
6506245ff73d843c1d0f,20260928T115523_c26e80d9:7,5,models/Llama-3.1-8B-Instruct,Creative_random_suppress0
890408fb2b5faf15e576,20260928T115523_c26e80d9:7,6,models/Llama-3.1-8B-Instruct,Creative_random_suppress0
3590f03cc349804cf26e,20260928T115523_c26e80d9:7,7,models/Llama-3.1-8B-Instruct,Creative_random_suppress0
bd95067c907e9b1f6354,20260928T115523_c26e80d9:7,8,models/Llama-3.1-8B-Instruct,Creative_random_suppress0
55e42351a073fade26ba,20260928T115523_c26e80d9:7,9,models/Llama-3.1-8B-Instruct,Creative_random_suppress0
f825a9b075e984da93bc,20260928T115523_c26e80d9:8,0,models/Llama-3.1-8B-Instruct,Creative_suppress
3193859061e77f844904,20260928T115523_c26e80d9:8,1,models/Llama-3.1-8B-Instruct,Creative_suppress
bddc164655df5a6d7355,20260928T115523_c26e80d9:8,2,models/Llama-3.1-8B-Instruct,Creative_suppress
b98f7d43412638d25fa7,20260928T115523_c26e80d9:8,3,models/Llama-3.1-8B-Instruct,Creative_suppress
c2d153100a7be4d36b3c,20260928T115523_c26e80d9:8,4,models/Llama-3.1-8B-Instruct,Creative_suppress
e78e28f5482d3c973d36,20260928T115523_c26e80d9:8,5,models/Llama-3.1-8B-Instruct,Creative_suppress
d2bcc789409ab8a97f0c,20260928T115523_c26e80d9:8,6,models/Llama-3.1-8B-Instruct,Creative_suppress
fc335b96b5acd5dee887,20260928T115523_c26e80d9:8,7,models/Llama-3.1-8B-Instruct,Creative_suppress
fad7ca723c48a4e246c2,20260928T115523_c26e80d9:8,8,models/Llama-3.1-8B-Instruct,Creative_suppress
d69dde73fe216507c2ec,20260928T115523_c26e80d9:8,9,models/Llama-3.1-8B-Instruct,Creative_suppress
35d742dce55199cbb580,20260928T115523_c26e80d9:9,0,models/Llama-3.1-8B-Instruct,Standard_random0_1
7319ac38b5a449547de9,20260928T115523_c26e80d9:9,1,models/Llama-3.1-8B-Instruct,Standard_random0_1
a57526e990cd2167a1e1,20260928T115523_c26e80d9:9,2,models/Llama-3.1-8B-Instruct,Standard_random0_1
6ebc2291a6e63587d82b,20260928T115523_c26e80d9:9,3,models/Llama-3.1-8B-Instruct,Standard_random0_1
35a70801a6d5bcd4b569,20260928T115523_c26e80d9:9,4,models/Llama-3.1-8B-Instruct,Standard_random0_1
0528bb3c90a44e9972ab,20260928T115523_c26e80d9:9,5,models/Llama-3.1-8B-Instruct,Standard_random0_1
92beb7c50909ed6b7802,20260928T115523_c26e80d9:9,6,models/Llama-3.1-8B-Instruct,Standard_random0_1
1a01add54177f131401d,20260928T115523_c26e80d9:9,7,models/Llama-3.1-8B-Instruct,Standard_random0_1
ea6a438de89804468aaa,20260928T115523_c26e80d9:9,8,models/Llama-3.1-8B-Instruct,Standard_random0_1
471c514d3fb0235d1dd0,20260928T115523_c26e80d9:9,9,models/Llama-3.1-8B-Instruct,Standard_random0_1
c778d7a484a9fc392337,20260928T115523_c26e80d9:10,0,models/Llama-3.1-8B-Instruct,Standard_high_temperature
ad967a80d8e7d5c601fa,20260928T115523_c26e80d9:10,1,models/Llama-3.1-8B-Instruct,Standard_high_temperature
161486543f5f8c9c817b,20260928T115523_c26e80d9:10,2,models/Llama-3.1-8B-Instruct,Standard_high_temperature
a768bec4b25c077437c4,20260928T115523_c26e80d9:10,3,models/Llama-3.1-8B-Instruct,Standard_high_temperature
41135e8d0e8b0e5be2f9,20260928T115523_c26e80d9:10,4,models/Llama-3.1-8B-Instruct,Standard_high_temperature
219126595b7a2548c996,20260928T115523_c26e80d9:10,5,models/Llama-3.1-8B-Instruct,Standard_high_temperature
3d27374b50815703539f,20260928T115523_c26e80d9:10,6,models/Llama-3.1-8B-Instruct,Standard_high_temperature
101b4dfed956bc3815be,20260928T115523_c26e80d9:10,7,models/Llama-3.1-8B-Instruct,Standard_high_temperature
eb06fdc5cfaf0a4e48c8,20260928T115523_c26e80d9:10,8,models/Llama-3.1-8B-Instruct,Standard_high_temperature
c0572a330ff37b89587f,20260928T115523_c26e80d9:10,9,models/Llama-3.1-8B-Instruct,Standard_high_temperature
d844a77d6a58618b627a,20260928T115523_c26e80d9:11,0,models/Llama-3.1-8B-Instruct,Standard_random0_1
dce08e294ba133303b75,20260928T115523_c26e80d9:11,1,models/Llama-3.1-8B-Instruct,Standard_random0_1
af3922e5181c47884a13,20260928T115523_c26e80d9:11,2,models/Llama-3.1-8B-Instruct,Standard_random0_1
f9045b7de449cfc772ee,20260928T115523_c26e80d9:11,3,models/Llama-3.1-8B-Instruct,Standard_random0_1
eeefd91dc4592df2755b,20260928T115523_c26e80d9:11,4,models/Llama-3.1-8B-Instruct,Standard_random0_1
7756c34f0c1c2b661d53,20260928T115523_c26e80d9:11,5,models/Llama-3.1-8B-Instruct,Standard_random0_1
210ddb43504949a56d8e,20260928T115523_c26e80d9:11,6,models/Llama-3.1-8B-Instruct,Standard_random0_1
d555481184dd369f83cf,20260928T115523_c26e80d9:11,7,models/Llama-3.1-8B-Instruct,Standard_random0_1
9fb82dcc7f0c4d0a471b,20260928T115523_c26e80d9:11,8,models/Llama-3.1-8B-Instruct,Standard_random0_1
205e6483923056aa1ad5,20260928T115523_c26e80d9:11,9,models/Llama-3.1-8B-Instruct,Standard_random0_1
1b406d35bb2598e54234,20260928T115523_c26e80d9:12,0,models/Llama-3.1-8B-Instruct,Creative_random_suppress1
5a001ab734aaa1fad584,20260928T115523_c26e80d9:12,1,models/Llama-3.1-8B-Instruct,Creative_random_suppress1
2523a507023d8ebd7e83,20260928T115523_c26e80d9:12,2,models/Llama-3.1-8B-Instruct,Creative_random_suppress1
25967316f0df020ca6f0,20260928T115523_c26e80d9:12,3,models/Llama-3.1-8B-Instruct,Creative_random_suppress1
6bf8f3cb7a9bd1cce208,20260928T115523_c26e80d9:12,4,models/Llama-3.1-8B-Instruct,Creative_random_suppress1
5837ae0aba193a0c089c,20260928T115523_c26e80d9:12,5,models/Llama-3.1-8B-Instruct,Creative_random_suppress1
9c4a8f69e24b42a6b062,20260928T115523_c26e80d9:12,6,models/Llama-3.1-8B-Instruct,Creative_random_suppress1
4b628b8d986c1596a6f3,20260928T115523_c26e80d9:12,7,models/Llama-3.1-8B-Instruct,Creative_random_suppress1
4beb9458013ed05b9059,20260928T115523_c26e80d9:12,8,models/Llama-3.1-8B-Instruct,Creative_random_suppress1
c741788baa139169b970,20260928T115523_c26e80d9:12,9,models/Llama-3.1-8B-Instruct,Creative_random_suppress1
94389635c282eeb3ead6,20260928T115523_c26e80d9:13,0,models/Llama-3.1-8B-Instruct,Conventional
146fc7a06b7544bd6285,20260928T115523_c26e80d9:13,1,models/Llama-3.1-8B-Instruct,Conventional
823d143b397cd03b5a31,20260928T115523_c26e80d9:13,2,models/Llama-3.1-8B-Instruct,Conventional
0bd31689fec5e359a449,20260928T115523_c26e80d9:13,3,models/Llama-3.1-8B-Instruct,Conventional
ecaa17f5f28cc908a31f,20260928T115523_c26e80d9:13,4,models/Llama-3.1-8B-Instruct,Conventional
e35fd6b334206f0694f4,20260928T115523_c26e80d9:13,5,models/Llama-3.1-8B-Instruct,Conventional
3f3997bcbd23ef727e0e,20260928T115523_c26e80d9:13,6,models/Llama-3.1-8B-Instruct,Conventional
f033af735557fc1c3a1e,20260928T115523_c26e80d9:13,7,models/Llama-3.1-8B-Instruct,Conventional
2d1f4c91c3f1e4b1d4fc,20260928T115523_c26e80d9:13,8,models/Llama-3.1-8B-Instruct,Conventional
74969f1f6a065386a343,20260928T115523_c26e80d9:13,9,models/Llama-3.1-8B-Instruct,Conventional
a9007894faa84b1c316d,20260928T115523_c26e80d9:14,0,models/Llama-3.1-8B-Instruct,Creative
0b859d8ed87e1e5c45db,20260928T115523_c26e80d9:14,1,models/Llama-3.1-8B-Instruct,Creative
1dc2bd4a244349e26101,20260928T115523_c26e80d9:14,2,models/Llama-3.1-8B-Instruct,Creative
f49061f2d2072a9befc7,20260928T115523_c26e80d9:14,3,models/Llama-3.1-8B-Instruct,Creative
6367296f856bfa0d9c9f,20260928T115523_c26e80d9:14,4,models/Llama-3.1-8B-Instruct,Creative
54f7328a71b75b5e3f89,20260928T115523_c26e80d9:14,5,models/Llama-3.1-8B-Instruct,Creative
770d0ce1fa21a92767db,20260928T115523_c26e80d9:14,6,models/Llama-3.1-8B-Instruct,Creative
a50ee6da29231d292d13,20260928T115523_c26e80d9:14,7,models/Llama-3.1-8B-Instruct,Creative
b0682130d986e4800edb,20260928T115523_c26e80d9:14,8,models/Llama-3.1-8B-Instruct,Creative
97b198f9a3b6a883377c,20260928T115523_c26e80d9:14,9,models/Llama-3.1-8B-Instruct,Creative
1b6759cf5db63001e8c9,20260928T115523_c26e80d9:15,0,models/Llama-3.1-8B-Instruct,Creative_random_suppress1
78eaee88988b86951011,20260928T115523_c26e80d9:15,1,models/Llama-3.1-8B-Instruct,Creative_random_suppress1
703143dcb1c21a9e4730,20260928T115523_c26e80d9:15,2,models/Llama-3.1-8B-Instruct,Creative_random_suppress1
918a4dd750dd50a08919,20260928T115523_c26e80d9:15,3,models/Llama-3.1-8B-Instruct,Creative_random_suppress1
04978755b636741e91bf,20260928T115523_c26e80d9:15,4,models/Llama-3.1-8B-Instruct,Creative_random_suppress1
fe4d92ddefd6ef95046f,20260928T115523_c26e80d9:15,5,models/Llama-3.1-8B-Instruct,Creative_random_suppress1
c3c07f31b3975abeaf7e,20260928T115523_c26e80d9:15,6,models/Llama-3.1-8B-Instruct,Creative_random_suppress1
693247346fc23541c085,20260928T115523_c26e80d9:15,7,models/Llama-3.1-8B-Instruct,Creative_random_suppress1
4fed569b26c2d397a329,20260928T115523_c26e80d9:15,8,models/Llama-3.1-8B-Instruct,Creative_random_suppress1
415c9aef5e85a5208628,20260928T115523_c26e80d9:15,9,models/Llama-3.1-8B-Instruct,Creative_random_suppress1
074240a1db7763ea3783,20260928T115523_c26e80d9:16,0,models/Llama-3.1-8B-Instruct,Standard_add_1
f8ee6922a39891b8524e,20260928T115523_c26e80d9:16,1,models/Llama-3.1-8B-Instruct,Standard_add_1
4a3bc75adcb68f0b488a,20260928T115523_c26e80d9:16,2,models/Llama-3.1-8B-Instruct,Standard_add_1
c3692239c6d183840a3a,20260928T115523_c26e80d9:16,3,models/Llama-3.1-8B-Instruct,Standard_add_1
aeb9e9392286f6217da2,20260928T115523_c26e80d9:16,4,models/Llama-3.1-8B-Instruct,Standard_add_1
5a661b78025edee9f118,20260928T115523_c26e80d9:16,5,models/Llama-3.1-8B-Instruct,Standard_add_1
45e8722911f6213fc98b,20260928T115523_c26e80d9:16,6,models/Llama-3.1-8B-Instruct,Standard_add_1
3bb4869ef710e93dfd39,20260928T115523_c26e80d9:16,7,models/Llama-3.1-8B-Instruct,Standard_add_1
2179aca808534a2f01c9,20260928T115523_c26e80d9:16,8,models/Llama-3.1-8B-Instruct,Standard_add_1
c6aca001c6e82dcf8bae,20260928T115523_c26e80d9:16,9,models/Llama-3.1-8B-Instruct,Standard_add_1
ffff4cab7b24e435cf00,20260928T115523_c26e80d9:17,0,models/Llama-3.1-8B-Instruct,Creative_suppress
da24fc4bd9cb64d291c3,20260928T115523_c26e80d9:17,1,models/Llama-3.1-8B-Instruct,Creative_suppress
3c903b3bec683acc0c4d,20260928T115523_c26e80d9:17,2,models/Llama-3.1-8B-Instruct,Creative_suppress
6fcd32031f99f1f0f5da,20260928T115523_c26e80d9:17,3,models/Llama-3.1-8B-Instruct,Creative_suppress
d1b9f23ac209fa8adde3,20260928T115523_c26e80d9:17,4,models/Llama-3.1-8B-Instruct,Creative_suppress
3f5c68d55ab03b773a33,20260928T115523_c26e80d9:17,5,models/Llama-3.1-8B-Instruct,Creative_suppress
96b2dea94462d95f952c,20260928T115523_c26e80d9:17,6,models/Llama-3.1-8B-Instruct,Creative_suppress
2499876a3d7aac0b8d17,20260928T115523_c26e80d9:17,7,models/Llama-3.1-8B-Instruct,Creative_suppress
f8491b64fddb19ff99e5,20260928T115523_c26e80d9:17,8,models/Llama-3.1-8B-Instruct,Creative_suppress
d914127e422d5446e3ac,20260928T115523_c26e80d9:17,9,models/Llama-3.1-8B-Instruct,Creative_suppress
7310481aaa7341ba6531,20260928T115523_c26e80d9:18,0,models/Llama-3.1-8B-Instruct,Creative_subtract_1
95f83dc9c320917838aa,20260928T115523_c26e80d9:18,1,models/Llama-3.1-8B-Instruct,Creative_subtract_1
dcf2caae1c0b49b532e5,20260928T115523_c26e80d9:18,2,models/Llama-3.1-8B-Instruct,Creative_subtract_1
1c2c3aba3aa92ac7fa32,20260928T115523_c26e80d9:18,3,models/Llama-3.1-8B-Instruct,Creative_subtract_1
0e5760ae8457603c22cc,20260928T115523_c26e80d9:18,4,models/Llama-3.1-8B-Instruct,Creative_subtract_1
f51031f4b0d5f37410a2,20260928T115523_c26e80d9:18,5,models/Llama-3.1-8B-Instruct,Creative_subtract_1
ad2ebb50dd6828e55930,20260928T115523_c26e80d9:18,6,models/Llama-3.1-8B-Instruct,Creative_subtract_1
5e748e4b231bf3e19e72,20260928T115523_c26e80d9:18,7,models/Llama-3.1-8B-Instruct,Creative_subtract_1
09ba4af0c24809b19344,20260928T115523_c26e80d9:18,8,models/Llama-3.1-8B-Instruct,Creative_subtract_1
18d84e103d3b20ac199a,20260928T115523_c26e80d9:18,9,models/Llama-3.1-8B-Instruct,Creative_subtract_1
cc1a072223e0e721a4ce,20260928T115523_c26e80d9:19,0,models/Llama-3.1-8B-Instruct,Creative_subtract_1
543f5e866ba23389ae4d,20260928T115523_c26e80d9:19,1,models/Llama-3.1-8B-Instruct,Creative_subtract_1
0ca1979c92c852e7898f,20260928T115523_c26e80d9:19,2,models/Llama-3.1-8B-Instruct,Creative_subtract_1
fea5fda771af44c36ec8,20260928T115523_c26e80d9:19,3,models/Llama-3.1-8B-Instruct,Creative_subtract_1
babcbdebdc7d5b8ab51c,20260928T115523_c26e80d9:19,4,models/Llama-3.1-8B-Instruct,Creative_subtract_1
d31ac9eedb11e1de3bf2,20260928T115523_c26e80d9:19,5,models/Llama-3.1-8B-Instruct,Creative_subtract_1
031eaad91cb0da9a1dcb,20260928T115523_c26e80d9:19,6,models/Llama-3.1-8B-Instruct,Creative_subtract_1
ed20fb7e89784121cb27,20260928T115523_c26e80d9:19,7,models/Llama-3.1-8B-Instruct,Creative_subtract_1
998542619f0227a2e454,20260928T115523_c26e80d9:19,8,models/Llama-3.1-8B-Instruct,Creative_subtract_1
2304dfc6f3cd88e88044,20260928T115523_c26e80d9:19,9,models/Llama-3.1-8B-Instruct,Creative_subtract_1
5ec39b4244dc3f18be73,20260928T115523_c26e80d9:20,0,models/Llama-3.1-8B-Instruct,Standard
2efbec019c00c5daf121,20260928T115523_c26e80d9:20,1,models/Llama-3.1-8B-Instruct,Standard
47dfbadf7440221bc438,20260928T115523_c26e80d9:20,2,models/Llama-3.1-8B-Instruct,Standard
153fc6e086b7b6084c7e,20260928T115523_c26e80d9:20,3,models/Llama-3.1-8B-Instruct,Standard
6ce2433ac05f9e8722af,20260928T115523_c26e80d9:20,4,models/Llama-3.1-8B-Instruct,Standard
5cb6a3f170512ab7fe0b,20260928T115523_c26e80d9:20,5,models/Llama-3.1-8B-Instruct,Standard
ad83a718e1f0208a03d3,20260928T115523_c26e80d9:20,6,models/Llama-3.1-8B-Instruct,Standard
478a85fb49dee2582661,20260928T115523_c26e80d9:20,7,models/Llama-3.1-8B-Instruct,Standard
86fb853f3099b8706653,20260928T115523_c26e80d9:20,8,models/Llama-3.1-8B-Instruct,Standard
f3dcfcc40252a31bb7e4,20260928T115523_c26e80d9:20,9,models/Llama-3.1-8B-Instruct,Standard
797109a93452fdf0d4ad,20260928T115523_c26e80d9:21,0,models/Llama-3.1-8B-Instruct,Standard_patch_creative
0b3f3615780923502071,20260928T115523_c26e80d9:21,1,models/Llama-3.1-8B-Instruct,Standard_patch_creative
e8dd197268249c0b09f2,20260928T115523_c26e80d9:21,2,models/Llama-3.1-8B-Instruct,Standard_patch_creative
2f45359ae9ca1ef877d3,20260928T115523_c26e80d9:21,3,models/Llama-3.1-8B-Instruct,Standard_patch_creative
8eca3e2032ba24996372,20260928T115523_c26e80d9:21,4,models/Llama-3.1-8B-Instruct,Standard_patch_creative
a8d55668e30a9a4865ca,20260928T115523_c26e80d9:21,5,models/Llama-3.1-8B-Instruct,Standard_patch_creative
760dfc313fc5f21d75b7,20260928T115523_c26e80d9:21,6,models/Llama-3.1-8B-Instruct,Standard_patch_creative
dfa4b96155cea8f15371,20260928T115523_c26e80d9:21,7,models/Llama-3.1-8B-Instruct,Standard_patch_creative
3263d84b12d9f685bc31,20260928T115523_c26e80d9:21,8,models/Llama-3.1-8B-Instruct,Standard_patch_creative
761bf1b44278d455a3d0,20260928T115523_c26e80d9:21,9,models/Llama-3.1-8B-Instruct,Standard_patch_creative
244cb6bfedf218ec4100,20260928T115523_c26e80d9:22,0,models/Llama-3.1-8B-Instruct,Standard
fcde6db8ad4fd233eeee,20260928T115523_c26e80d9:22,1,models/Llama-3.1-8B-Instruct,Standard
2b8ba4f73b5fbbdff8d7,20260928T115523_c26e80d9:22,2,models/Llama-3.1-8B-Instruct,Standard
7b4971970aa4a0d25e3c,20260928T115523_c26e80d9:22,3,models/Llama-3.1-8B-Instruct,Standard
1ee899e5246f4a7eeb8c,20260928T115523_c26e80d9:22,4,models/Llama-3.1-8B-Instruct,Standard
8b9e56cead508e14b8ee,20260928T115523_c26e80d9:22,5,models/Llama-3.1-8B-Instruct,Standard
4ea20fb422d9c7e29c79,20260928T115523_c26e80d9:22,6,models/Llama-3.1-8B-Instruct,Standard
4d136647a35b88211f37,20260928T115523_c26e80d9:22,7,models/Llama-3.1-8B-Instruct,Standard
511abe5e12ff71ad049a,20260928T115523_c26e80d9:22,8,models/Llama-3.1-8B-Instruct,Standard
56399561b636be863488,20260928T115523_c26e80d9:22,9,models/Llama-3.1-8B-Instruct,Standard
1ae7082f16ff80ecdca2,20260928T115523_c26e80d9:23,0,models/Llama-3.1-8B-Instruct,Standard_suppress
2e4581ff6dc6aca2ce72,20260928T115523_c26e80d9:23,1,models/Llama-3.1-8B-Instruct,Standard_suppress
2936a5af665638031803,20260928T115523_c26e80d9:23,2,models/Llama-3.1-8B-Instruct,Standard_suppress
2d29fee3f1c3583f3f54,20260928T115523_c26e80d9:23,3,models/Llama-3.1-8B-Instruct,Standard_suppress
1924e637bf0e49417809,20260928T115523_c26e80d9:23,4,models/Llama-3.1-8B-Instruct,Standard_suppress
e2b20548784af316b84e,20260928T115523_c26e80d9:23,5,models/Llama-3.1-8B-Instruct,Standard_suppress
628ccdcdbabc1974ac02,20260928T115523_c26e80d9:23,6,models/Llama-3.1-8B-Instruct,Standard_suppress
3d124af4b32897c0f275,20260928T115523_c26e80d9:23,7,models/Llama-3.1-8B-Instruct,Standard_suppress
9a70bdacfade98055077,20260928T115523_c26e80d9:23,8,models/Llama-3.1-8B-Instruct,Standard_suppress
3ef6fe2ceee7b0fdd690,20260928T115523_c26e80d9:23,9,models/Llama-3.1-8B-Instruct,Standard_suppress
2a3cb4e552cffbda854e,20260928T115523_c26e80d9:24,0,models/Llama-3.1-8B-Instruct,Standard_patch_creative
9010f2421c102fd91859,20260928T115523_c26e80d9:24,1,models/Llama-3.1-8B-Instruct,Standard_patch_creative
6e72d4481b0fd7109731,20260928T115523_c26e80d9:24,2,models/Llama-3.1-8B-Instruct,Standard_patch_creative
5d5b5fcd14f54c3ac874,20260928T115523_c26e80d9:24,3,models/Llama-3.1-8B-Instruct,Standard_patch_creative
f953128210e1fc8353df,20260928T115523_c26e80d9:24,4,models/Llama-3.1-8B-Instruct,Standard_patch_creative
9ecf91f49270307dfb0b,20260928T115523_c26e80d9:24,5,models/Llama-3.1-8B-Instruct,Standard_patch_creative
83ac5beead80af42ddd1,20260928T115523_c26e80d9:24,6,models/Llama-3.1-8B-Instruct,Standard_patch_creative
366c7c5f1c8bb897dd07,20260928T115523_c26e80d9:24,7,models/Llama-3.1-8B-Instruct,Standard_patch_creative
2ea292650e3d8c0abc89,20260928T115523_c26e80d9:24,8,models/Llama-3.1-8B-Instruct,Standard_patch_creative
b723905cb1bd1dd32b48,20260928T115523_c26e80d9:24,9,models/Llama-3.1-8B-Instruct,Standard_patch_creative
dc16778eb51339c1cf6b,20260928T115523_c26e80d9:25,0,models/Llama-3.1-8B-Instruct,Standard_patch_creative
758d038be60a235759dc,20260928T115523_c26e80d9:25,1,models/Llama-3.1-8B-Instruct,Standard_patch_creative
5e88c631ed12c5888595,20260928T115523_c26e80d9:25,2,models/Llama-3.1-8B-Instruct,Standard_patch_creative
e4454ca6d7952ac4f431,20260928T115523_c26e80d9:25,3,models/Llama-3.1-8B-Instruct,Standard_patch_creative
648216a729e53a277063,20260928T115523_c26e80d9:25,4,models/Llama-3.1-8B-Instruct,Standard_patch_creative
222888f6f367b7a2d119,20260928T115523_c26e80d9:25,5,models/Llama-3.1-8B-Instruct,Standard_patch_creative
2bfc6bccf69bca95d3bb,20260928T115523_c26e80d9:25,6,models/Llama-3.1-8B-Instruct,Standard_patch_creative
04219c03d1bda9ce1e5d,20260928T115523_c26e80d9:25,7,models/Llama-3.1-8B-Instruct,Standard_patch_creative
14eb9c8c6a43fba97aa4,20260928T115523_c26e80d9:25,8,models/Llama-3.1-8B-Instruct,Standard_patch_creative
97742bafd36c4a102386,20260928T115523_c26e80d9:25,9,models/Llama-3.1-8B-Instruct,Standard_patch_creative
85de8c91faf56c25532e,20260928T115523_c26e80d9:26,0,models/Llama-3.1-8B-Instruct,Standard
88a6ee3aada349453854,20260928T115523_c26e80d9:26,1,models/Llama-3.1-8B-Instruct,Standard
940033528ccb2d83027e,20260928T115523_c26e80d9:26,2,models/Llama-3.1-8B-Instruct,Standard
ba080b35e3d1e21d1514,20260928T115523_c26e80d9:26,3,models/Llama-3.1-8B-Instruct,Standard
19fea3373f611c6b1c1d,20260928T115523_c26e80d9:26,4,models/Llama-3.1-8B-Instruct,Standard
34e0ff1909bf5dd882db,20260928T115523_c26e80d9:26,5,models/Llama-3.1-8B-Instruct,Standard
1759d1547eee5d9ea350,20260928T115523_c26e80d9:26,6,models/Llama-3.1-8B-Instruct,Standard
c235014378845dba5644,20260928T115523_c26e80d9:26,7,models/Llama-3.1-8B-Instruct,Standard
cfd6e49ef8acdbcc07bf,20260928T115523_c26e80d9:26,8,models/Llama-3.1-8B-Instruct,Standard
28ec3ab3b547a420a243,20260928T115523_c26e80d9:26,9,models/Llama-3.1-8B-Instruct,Standard
7203f92b0313098f415f,20260928T115523_c26e80d9:27,0,models/Llama-3.1-8B-Instruct,Creative_patch_standard
2b1dd0cb3c943a5f008a,20260928T115523_c26e80d9:27,1,models/Llama-3.1-8B-Instruct,Creative_patch_standard
b82c7a460dea4c11ee27,20260928T115523_c26e80d9:27,2,models/Llama-3.1-8B-Instruct,Creative_patch_standard
8214cb88a30c49dd4ed0,20260928T115523_c26e80d9:27,3,models/Llama-3.1-8B-Instruct,Creative_patch_standard
31d45d3925dafc9dee29,20260928T115523_c26e80d9:27,4,models/Llama-3.1-8B-Instruct,Creative_patch_standard
ac981b372f9690b96523,20260928T115523_c26e80d9:27,5,models/Llama-3.1-8B-Instruct,Creative_patch_standard
05e39a68903faf687543,20260928T115523_c26e80d9:27,6,models/Llama-3.1-8B-Instruct,Creative_patch_standard
5971602af9133b2ed91c,20260928T115523_c26e80d9:27,7,models/Llama-3.1-8B-Instruct,Creative_patch_standard
3e6e0d6a0809783eb620,20260928T115523_c26e80d9:27,8,models/Llama-3.1-8B-Instruct,Creative_patch_standard
3f1b2d6fb282b0ae8472,20260928T115523_c26e80d9:27,9,models/Llama-3.1-8B-Instruct,Creative_patch_standard
1ce0ea4d626bd88d4fb6,20260928T115523_c26e80d9:28,0,models/Llama-3.1-8B-Instruct,Standard_random1_1
e098dad00dc74f3efe2e,20260928T115523_c26e80d9:28,1,models/Llama-3.1-8B-Instruct,Standard_random1_1
8a56a935f359138d3b9b,20260928T115523_c26e80d9:28,2,models/Llama-3.1-8B-Instruct,Standard_random1_1
0525f3f07c63fd6f068a,20260928T115523_c26e80d9:28,3,models/Llama-3.1-8B-Instruct,Standard_random1_1
294d89ea3d12d08229ff,20260928T115523_c26e80d9:28,4,models/Llama-3.1-8B-Instruct,Standard_random1_1
d3ce3f0c871d59caaf8c,20260928T115523_c26e80d9:28,5,models/Llama-3.1-8B-Instruct,Standard_random1_1
69eaaaec091f6afca45a,20260928T115523_c26e80d9:28,6,models/Llama-3.1-8B-Instruct,Standard_random1_1
8179d7ed04f31000c3d2,20260928T115523_c26e80d9:28,7,models/Llama-3.1-8B-Instruct,Standard_random1_1
98618e38ed5896208863,20260928T115523_c26e80d9:28,8,models/Llama-3.1-8B-Instruct,Standard_random1_1
887a62320324799ea548,20260928T115523_c26e80d9:28,9,models/Llama-3.1-8B-Instruct,Standard_random1_1
fa5bbd0218b3bf487528,20260928T115523_c26e80d9:29,0,models/Llama-3.1-8B-Instruct,Creative_subtract_1
861a86cdd5f94a81677b,20260928T115523_c26e80d9:29,1,models/Llama-3.1-8B-Instruct,Creative_subtract_1
7dfd3eb037e56bf9f974,20260928T115523_c26e80d9:29,2,models/Llama-3.1-8B-Instruct,Creative_subtract_1
d3b6346a55afddd84628,20260928T115523_c26e80d9:29,3,models/Llama-3.1-8B-Instruct,Creative_subtract_1
87671a4275116b700f58,20260928T115523_c26e80d9:29,4,models/Llama-3.1-8B-Instruct,Creative_subtract_1
311d77ce10d4f6c23bb3,20260928T115523_c26e80d9:29,5,models/Llama-3.1-8B-Instruct,Creative_subtract_1
004db3d8f40779056570,20260928T115523_c26e80d9:29,6,models/Llama-3.1-8B-Instruct,Creative_subtract_1
a13d3f40bf6548c672a4,20260928T115523_c26e80d9:29,7,models/Llama-3.1-8B-Instruct,Creative_subtract_1
e67e922acf683360b5aa,20260928T115523_c26e80d9:29,8,models/Llama-3.1-8B-Instruct,Creative_subtract_1
84379124d99dbb58f55e,20260928T115523_c26e80d9:29,9,models/Llama-3.1-8B-Instruct,Creative_subtract_1
5f730d05520d709917fc,20260928T115523_c26e80d9:30,0,models/Llama-3.1-8B-Instruct,Standard_add_1
ca6ec2fe851fcd9b78cc,20260928T115523_c26e80d9:30,1,models/Llama-3.1-8B-Instruct,Standard_add_1
88546d08c4b77d0d09c6,20260928T115523_c26e80d9:30,2,models/Llama-3.1-8B-Instruct,Standard_add_1
7d6ecf08cce39bd2a88b,20260928T115523_c26e80d9:30,3,models/Llama-3.1-8B-Instruct,Standard_add_1
60d24f0575c4950296e5,20260928T115523_c26e80d9:30,4,models/Llama-3.1-8B-Instruct,Standard_add_1
739021c4ff6081c674f8,20260928T115523_c26e80d9:30,5,models/Llama-3.1-8B-Instruct,Standard_add_1
2915c62191ac8f45b9b1,20260928T115523_c26e80d9:30,6,models/Llama-3.1-8B-Instruct,Standard_add_1
65cec56ffcfa886cb91b,20260928T115523_c26e80d9:30,7,models/Llama-3.1-8B-Instruct,Standard_add_1
9461b999e08109133140,20260928T115523_c26e80d9:30,8,models/Llama-3.1-8B-Instruct,Standard_add_1
4dcf4fc358260f02e7e2,20260928T115523_c26e80d9:30,9,models/Llama-3.1-8B-Instruct,Standard_add_1
8e3642fde0d92c5de93f,20260928T115523_c26e80d9:31,0,models/Llama-3.1-8B-Instruct,Standard_suppress
3fab960535ecef6236c1,20260928T115523_c26e80d9:31,1,models/Llama-3.1-8B-Instruct,Standard_suppress
f5c429b881bf745f0017,20260928T115523_c26e80d9:31,2,models/Llama-3.1-8B-Instruct,Standard_suppress
12d16d474b33eb3b20b2,20260928T115523_c26e80d9:31,3,models/Llama-3.1-8B-Instruct,Standard_suppress
912ddab424d5c664c0c7,20260928T115523_c26e80d9:31,4,models/Llama-3.1-8B-Instruct,Standard_suppress
36d485f618631a668f92,20260928T115523_c26e80d9:31,5,models/Llama-3.1-8B-Instruct,Standard_suppress
826aac06df63277aec3e,20260928T115523_c26e80d9:31,6,models/Llama-3.1-8B-Instruct,Standard_suppress
9fffb639debc49655775,20260928T115523_c26e80d9:31,7,models/Llama-3.1-8B-Instruct,Standard_suppress
5a58f88f27a6ae59421a,20260928T115523_c26e80d9:31,8,models/Llama-3.1-8B-Instruct,Standard_suppress
dc871360c57dc8eed45c,20260928T115523_c26e80d9:31,9,models/Llama-3.1-8B-Instruct,Standard_suppress
219e27acb4016d4f58e6,20260928T115523_c26e80d9:32,0,models/Llama-3.1-8B-Instruct,Creative_random_suppress0
7f287efcc564d5a62d3d,20260928T115523_c26e80d9:32,1,models/Llama-3.1-8B-Instruct,Creative_random_suppress0
24e8aa6a1b4bf2f7269f,20260928T115523_c26e80d9:32,2,models/Llama-3.1-8B-Instruct,Creative_random_suppress0
fd43522b5507be615a01,20260928T115523_c26e80d9:32,3,models/Llama-3.1-8B-Instruct,Creative_random_suppress0
58d5ac4c1172e4d03697,20260928T115523_c26e80d9:32,4,models/Llama-3.1-8B-Instruct,Creative_random_suppress0
0f4bceae33ff18ed1adf,20260928T115523_c26e80d9:32,5,models/Llama-3.1-8B-Instruct,Creative_random_suppress0
819e99560dc839e5fe18,20260928T115523_c26e80d9:32,6,models/Llama-3.1-8B-Instruct,Creative_random_suppress0
a0d69329f2544e62fcb9,20260928T115523_c26e80d9:32,7,models/Llama-3.1-8B-Instruct,Creative_random_suppress0
d84a0a7484b68762fdef,20260928T115523_c26e80d9:32,8,models/Llama-3.1-8B-Instruct,Creative_random_suppress0
fca1230acbf3c6ec03e8,20260928T115523_c26e80d9:32,9,models/Llama-3.1-8B-Instruct,Creative_random_suppress0
8596da77c1bf1e474566,20260928T115523_c26e80d9:33,0,models/Llama-3.1-8B-Instruct,Creative_random_suppress0
4c8cb3d1d325fd6decb3,20260928T115523_c26e80d9:33,1,models/Llama-3.1-8B-Instruct,Creative_random_suppress0
e09893837782f85623bc,20260928T115523_c26e80d9:33,2,models/Llama-3.1-8B-Instruct,Creative_random_suppress0
473b3361085baeb22298,20260928T115523_c26e80d9:33,3,models/Llama-3.1-8B-Instruct,Creative_random_suppress0
b20d780c84b3aa7e79ed,20260928T115523_c26e80d9:33,4,models/Llama-3.1-8B-Instruct,Creative_random_suppress0
348d32936aef5c5ad054,20260928T115523_c26e80d9:33,5,models/Llama-3.1-8B-Instruct,Creative_random_suppress0
1460b488559d8e9896fe,20260928T115523_c26e80d9:33,6,models/Llama-3.1-8B-Instruct,Creative_random_suppress0
bf2b61d186faf6657013,20260928T115523_c26e80d9:33,7,models/Llama-3.1-8B-Instruct,Creative_random_suppress0
b7def0b1fbd111d155d9,20260928T115523_c26e80d9:33,8,models/Llama-3.1-8B-Instruct,Creative_random_suppress0
50c71e2fceda3eea5107,20260928T115523_c26e80d9:33,9,models/Llama-3.1-8B-Instruct,Creative_random_suppress0
72d62e4a720eaebff387,20260928T115523_c26e80d9:34,0,models/Llama-3.1-8B-Instruct,Creative_patch_standard
a3ced73643a1ad519423,20260928T115523_c26e80d9:34,1,models/Llama-3.1-8B-Instruct,Creative_patch_standard
465a62a29926d2fec9da,20260928T115523_c26e80d9:34,2,models/Llama-3.1-8B-Instruct,Creative_patch_standard
67352036d130db2f259b,20260928T115523_c26e80d9:34,3,models/Llama-3.1-8B-Instruct,Creative_patch_standard
c303bb856b04072e4f9c,20260928T115523_c26e80d9:34,4,models/Llama-3.1-8B-Instruct,Creative_patch_standard
dab2b4f7c9a4c8d5c3d2,20260928T115523_c26e80d9:34,5,models/Llama-3.1-8B-Instruct,Creative_patch_standard
b8435009977b0c9a1bb1,20260928T115523_c26e80d9:34,6,models/Llama-3.1-8B-Instruct,Creative_patch_standard
e1659ec61b5d4f051be3,20260928T115523_c26e80d9:34,7,models/Llama-3.1-8B-Instruct,Creative_patch_standard
78b0af1ce3dd1096a805,20260928T115523_c26e80d9:34,8,models/Llama-3.1-8B-Instruct,Creative_patch_standard
4ee5c8188b035551a348,20260928T115523_c26e80d9:34,9,models/Llama-3.1-8B-Instruct,Creative_patch_standard
b6f3963b24b11663d4d7,20260928T115523_c26e80d9:35,0,models/Llama-3.1-8B-Instruct,Creative_subtract_1
9e5ab353652f2ac4f92a,20260928T115523_c26e80d9:35,1,models/Llama-3.1-8B-Instruct,Creative_subtract_1
fd06fbf1fd98b57275b1,20260928T115523_c26e80d9:35,2,models/Llama-3.1-8B-Instruct,Creative_subtract_1
df15d5a71cce19331526,20260928T115523_c26e80d9:35,3,models/Llama-3.1-8B-Instruct,Creative_subtract_1
f1c3c1455042505c6491,20260928T115523_c26e80d9:35,4,models/Llama-3.1-8B-Instruct,Creative_subtract_1
04a226859f9cf773bf6f,20260928T115523_c26e80d9:35,5,models/Llama-3.1-8B-Instruct,Creative_subtract_1
e6e086d2337a963a5b59,20260928T115523_c26e80d9:35,6,models/Llama-3.1-8B-Instruct,Creative_subtract_1
7237c8d13c5872c8e4df,20260928T115523_c26e80d9:35,7,models/Llama-3.1-8B-Instruct,Creative_subtract_1
7307a38d761c6f73989a,20260928T115523_c26e80d9:35,8,models/Llama-3.1-8B-Instruct,Creative_subtract_1
8645dbd427123b4cc8ad,20260928T115523_c26e80d9:35,9,models/Llama-3.1-8B-Instruct,Creative_subtract_1
8590f37b850dabaed3f4,20260928T115523_c26e80d9:36,0,models/Llama-3.1-8B-Instruct,Creative_suppress
352fc9c9113624c6f840,20260928T115523_c26e80d9:36,1,models/Llama-3.1-8B-Instruct,Creative_suppress
3f033d0b502680b69c45,20260928T115523_c26e80d9:36,2,models/Llama-3.1-8B-Instruct,Creative_suppress
51a2907668b578615f42,20260928T115523_c26e80d9:36,3,models/Llama-3.1-8B-Instruct,Creative_suppress
56f0ac797380ff429f8f,20260928T115523_c26e80d9:36,4,models/Llama-3.1-8B-Instruct,Creative_suppress
18f9c7af4bb8fd2845f0,20260928T115523_c26e80d9:36,5,models/Llama-3.1-8B-Instruct,Creative_suppress
352528a914ee53969c09,20260928T115523_c26e80d9:36,6,models/Llama-3.1-8B-Instruct,Creative_suppress
75e1461f3f6542ff4a1b,20260928T115523_c26e80d9:36,7,models/Llama-3.1-8B-Instruct,Creative_suppress
9e3ff2183903bc0081ff,20260928T115523_c26e80d9:36,8,models/Llama-3.1-8B-Instruct,Creative_suppress
64c323e31c83f1187740,20260928T115523_c26e80d9:36,9,models/Llama-3.1-8B-Instruct,Creative_suppress
8d882efb1b761a7ec1d3,20260928T115523_c26e80d9:37,0,models/Llama-3.1-8B-Instruct,Creative_random_suppress1
7f140fc526bec0078b08,20260928T115523_c26e80d9:37,1,models/Llama-3.1-8B-Instruct,Creative_random_suppress1
f54f6b89f0a7c148233c,20260928T115523_c26e80d9:37,2,models/Llama-3.1-8B-Instruct,Creative_random_suppress1
78267fbb77ba8ba86282,20260928T115523_c26e80d9:37,3,models/Llama-3.1-8B-Instruct,Creative_random_suppress1
c6a9605269aff4091b31,20260928T115523_c26e80d9:37,4,models/Llama-3.1-8B-Instruct,Creative_random_suppress1
32eeee230f309a217653,20260928T115523_c26e80d9:37,5,models/Llama-3.1-8B-Instruct,Creative_random_suppress1
de11319faf67a7e90224,20260928T115523_c26e80d9:37,6,models/Llama-3.1-8B-Instruct,Creative_random_suppress1
b7a0e958de50cff44960,20260928T115523_c26e80d9:37,7,models/Llama-3.1-8B-Instruct,Creative_random_suppress1
257d6132d37f80ee32d4,20260928T115523_c26e80d9:37,8,models/Llama-3.1-8B-Instruct,Creative_random_suppress1
c44ba63898d71324a42e,20260928T115523_c26e80d9:37,9,models/Llama-3.1-8B-Instruct,Creative_random_suppress1
63f0bafd2f1c67e13432,20260928T115523_c26e80d9:38,0,models/Llama-3.1-8B-Instruct,Standard_add_1
8fa2e9b9c1ac44462c0e,20260928T115523_c26e80d9:38,1,models/Llama-3.1-8B-Instruct,Standard_add_1
3b09a1f190fbfc05ad49,20260928T115523_c26e80d9:38,2,models/Llama-3.1-8B-Instruct,Standard_add_1
bfc4ce1fc0858b4e1d63,20260928T115523_c26e80d9:38,3,models/Llama-3.1-8B-Instruct,Standard_add_1
1449d920564486a2d75f,20260928T115523_c26e80d9:38,4,models/Llama-3.1-8B-Instruct,Standard_add_1
f5672f6116510fddfd68,20260928T115523_c26e80d9:38,5,models/Llama-3.1-8B-Instruct,Standard_add_1
e18639ffab9a8a9437ce,20260928T115523_c26e80d9:38,6,models/Llama-3.1-8B-Instruct,Standard_add_1
fafcf83c407d20e50af8,20260928T115523_c26e80d9:38,7,models/Llama-3.1-8B-Instruct,Standard_add_1
69ed53c69d269887d7f5,20260928T115523_c26e80d9:38,8,models/Llama-3.1-8B-Instruct,Standard_add_1
38c7c38a124ef3be44c2,20260928T115523_c26e80d9:38,9,models/Llama-3.1-8B-Instruct,Standard_add_1
65753b4a88b05686eef9,20260928T115523_c26e80d9:39,0,models/Llama-3.1-8B-Instruct,Creative_patch_standard
6430ef8dec397e1aeb75,20260928T115523_c26e80d9:39,1,models/Llama-3.1-8B-Instruct,Creative_patch_standard
c74ebdbcd0e4c01a6fa2,20260928T115523_c26e80d9:39,2,models/Llama-3.1-8B-Instruct,Creative_patch_standard
68894f18b188f9d0a539,20260928T115523_c26e80d9:39,3,models/Llama-3.1-8B-Instruct,Creative_patch_standard
19c8f6d4338246a2f11e,20260928T115523_c26e80d9:39,4,models/Llama-3.1-8B-Instruct,Creative_patch_standard
7c172e7cbb13dba108ed,20260928T115523_c26e80d9:39,5,models/Llama-3.1-8B-Instruct,Creative_patch_standard
bdc80f57c3dd42a501fc,20260928T115523_c26e80d9:39,6,models/Llama-3.1-8B-Instruct,Creative_patch_standard
c381a3e07dcd31e12f94,20260928T115523_c26e80d9:39,7,models/Llama-3.1-8B-Instruct,Creative_patch_standard
9a0031146ecdbca180ef,20260928T115523_c26e80d9:39,8,models/Llama-3.1-8B-Instruct,Creative_patch_standard
a58461bdd6a16b8573f3,20260928T115523_c26e80d9:39,9,models/Llama-3.1-8B-Instruct,Creative_patch_standard
4eb14cac5bbbe2413cde,20260928T115523_c26e80d9:40,0,models/Llama-3.1-8B-Instruct,Conventional
d1bb5a0f15fb4bd9f9eb,20260928T115523_c26e80d9:40,1,models/Llama-3.1-8B-Instruct,Conventional
0580188462eaef28914a,20260928T115523_c26e80d9:40,2,models/Llama-3.1-8B-Instruct,Conventional
09ea8f57091ea90b085b,20260928T115523_c26e80d9:40,3,models/Llama-3.1-8B-Instruct,Conventional
a1070446002e20580878,20260928T115523_c26e80d9:40,4,models/Llama-3.1-8B-Instruct,Conventional
801daf6f956823451331,20260928T115523_c26e80d9:40,5,models/Llama-3.1-8B-Instruct,Conventional
afe696c4315137c7451d,20260928T115523_c26e80d9:40,6,models/Llama-3.1-8B-Instruct,Conventional
9434ccbf2800575f916c,20260928T115523_c26e80d9:40,7,models/Llama-3.1-8B-Instruct,Conventional
ae7ecfe5003d95666914,20260928T115523_c26e80d9:40,8,models/Llama-3.1-8B-Instruct,Conventional
65dcf89f82d2acae95c3,20260928T115523_c26e80d9:40,9,models/Llama-3.1-8B-Instruct,Conventional
a8dfe6e6088f60f2cf58,20260928T115523_c26e80d9:41,0,models/Llama-3.1-8B-Instruct,Creative_random_suppress1
4363bd0f7073e3a24e75,20260928T115523_c26e80d9:41,1,models/Llama-3.1-8B-Instruct,Creative_random_suppress1
8f8b26d97aa74df9edd0,20260928T115523_c26e80d9:41,2,models/Llama-3.1-8B-Instruct,Creative_random_suppress1
918d2b89fb2d8463d3db,20260928T115523_c26e80d9:41,3,models/Llama-3.1-8B-Instruct,Creative_random_suppress1
8a5a9d3a420d4ebfec23,20260928T115523_c26e80d9:41,4,models/Llama-3.1-8B-Instruct,Creative_random_suppress1
b9c7568fcfd7590844e2,20260928T115523_c26e80d9:41,5,models/Llama-3.1-8B-Instruct,Creative_random_suppress1
00f04c1fb44927d2737e,20260928T115523_c26e80d9:41,6,models/Llama-3.1-8B-Instruct,Creative_random_suppress1
c9f1387585f62a3e9bc6,20260928T115523_c26e80d9:41,7,models/Llama-3.1-8B-Instruct,Creative_random_suppress1
716c9234722ca8d7b26e,20260928T115523_c26e80d9:41,8,models/Llama-3.1-8B-Instruct,Creative_random_suppress1
7b1f9a2e0ceb41bc3552,20260928T115523_c26e80d9:41,9,models/Llama-3.1-8B-Instruct,Creative_random_suppress1
5c3f14d3581cec3c46f2,20260928T115523_c26e80d9:42,0,models/Llama-3.1-8B-Instruct,Standard_high_temperature
a07f6c821972649f822b,20260928T115523_c26e80d9:42,1,models/Llama-3.1-8B-Instruct,Standard_high_temperature
5a40459077e8b0f9a8e6,20260928T115523_c26e80d9:42,2,models/Llama-3.1-8B-Instruct,Standard_high_temperature
086454b56751be0f556f,20260928T115523_c26e80d9:42,3,models/Llama-3.1-8B-Instruct,Standard_high_temperature
d5d6c5a20754c349dfe4,20260928T115523_c26e80d9:42,4,models/Llama-3.1-8B-Instruct,Standard_high_temperature
b1adfafa9c670af85377,20260928T115523_c26e80d9:42,5,models/Llama-3.1-8B-Instruct,Standard_high_temperature
c805cd3ff6719048ca9a,20260928T115523_c26e80d9:42,6,models/Llama-3.1-8B-Instruct,Standard_high_temperature
e3d0dace077a5b321b87,20260928T115523_c26e80d9:42,7,models/Llama-3.1-8B-Instruct,Standard_high_temperature
2760894d2395bb2c0e29,20260928T115523_c26e80d9:42,8,models/Llama-3.1-8B-Instruct,Standard_high_temperature
edf217315b58494022bd,20260928T115523_c26e80d9:42,9,models/Llama-3.1-8B-Instruct,Standard_high_temperature
545f63ff7c69d5ff8da3,20260928T115523_c26e80d9:43,0,models/Llama-3.1-8B-Instruct,Standard_random0_1
337fdf9357ae3b8c6ba2,20260928T115523_c26e80d9:43,1,models/Llama-3.1-8B-Instruct,Standard_random0_1
fac11a84d6b63c3f3f79,20260928T115523_c26e80d9:43,2,models/Llama-3.1-8B-Instruct,Standard_random0_1
b00f8fc116d354b2015c,20260928T115523_c26e80d9:43,3,models/Llama-3.1-8B-Instruct,Standard_random0_1
0700381cd6f7e9862621,20260928T115523_c26e80d9:43,4,models/Llama-3.1-8B-Instruct,Standard_random0_1
cf476d89c77761ea8d6c,20260928T115523_c26e80d9:43,5,models/Llama-3.1-8B-Instruct,Standard_random0_1
17905087ab9581c1d672,20260928T115523_c26e80d9:43,6,models/Llama-3.1-8B-Instruct,Standard_random0_1
ede5db9d517f05183115,20260928T115523_c26e80d9:43,7,models/Llama-3.1-8B-Instruct,Standard_random0_1
023832eb006374547f0c,20260928T115523_c26e80d9:43,8,models/Llama-3.1-8B-Instruct,Standard_random0_1
58c9fd052bc188683822,20260928T115523_c26e80d9:43,9,models/Llama-3.1-8B-Instruct,Standard_random0_1
f53d88f8191f7efabcc2,20260928T115523_c26e80d9:44,0,models/Llama-3.1-8B-Instruct,Standard_random1_1
7f4b50da805a0946910e,20260928T115523_c26e80d9:44,1,models/Llama-3.1-8B-Instruct,Standard_random1_1
fc9232706175a80e5d39,20260928T115523_c26e80d9:44,2,models/Llama-3.1-8B-Instruct,Standard_random1_1
3e10ac0e6adf2b9bcbec,20260928T115523_c26e80d9:44,3,models/Llama-3.1-8B-Instruct,Standard_random1_1
37f34bd5aa99037bb6c1,20260928T115523_c26e80d9:44,4,models/Llama-3.1-8B-Instruct,Standard_random1_1
36677666a62e1f641e26,20260928T115523_c26e80d9:44,5,models/Llama-3.1-8B-Instruct,Standard_random1_1
d32f8a3d89c3b3cba322,20260928T115523_c26e80d9:44,6,models/Llama-3.1-8B-Instruct,Standard_random1_1
7dcbdd860e78229d0b53,20260928T115523_c26e80d9:44,7,models/Llama-3.1-8B-Instruct,Standard_random1_1
6890d8004132825a8e2c,20260928T115523_c26e80d9:44,8,models/Llama-3.1-8B-Instruct,Standard_random1_1
bb69200b108fc2b8c4de,20260928T115523_c26e80d9:44,9,models/Llama-3.1-8B-Instruct,Standard_random1_1
beb870e5900d86596fd1,20260928T115523_c26e80d9:45,0,models/Llama-3.1-8B-Instruct,Creative
98cac235d354811f5db5,20260928T115523_c26e80d9:45,1,models/Llama-3.1-8B-Instruct,Creative
a3b408919e8eab6b118d,20260928T115523_c26e80d9:45,2,models/Llama-3.1-8B-Instruct,Creative
d85b52d87ee9440d0c8c,20260928T115523_c26e80d9:45,3,models/Llama-3.1-8B-Instruct,Creative
b23fbecfdc335a3571b9,20260928T115523_c26e80d9:45,4,models/Llama-3.1-8B-Instruct,Creative
fd8bcabcb84c34edc1bf,20260928T115523_c26e80d9:45,5,models/Llama-3.1-8B-Instruct,Creative
7b1af0ccac61d988ad55,20260928T115523_c26e80d9:45,6,models/Llama-3.1-8B-Instruct,Creative
df993ade0f3a0409485d,20260928T115523_c26e80d9:45,7,models/Llama-3.1-8B-Instruct,Creative
e32b360fef74eae94c8a,20260928T115523_c26e80d9:45,8,models/Llama-3.1-8B-Instruct,Creative
ad8e154a3103c7014637,20260928T115523_c26e80d9:45,9,models/Llama-3.1-8B-Instruct,Creative
35fa0d5b1a093696c7aa,20260928T115523_c26e80d9:46,0,models/Llama-3.1-8B-Instruct,Standard_random1_1
1c86bafd2dd2f3b2628f,20260928T115523_c26e80d9:46,1,models/Llama-3.1-8B-Instruct,Standard_random1_1
0c31606b5cc4d5372ce3,20260928T115523_c26e80d9:46,2,models/Llama-3.1-8B-Instruct,Standard_random1_1
f801a350aff4b513fe40,20260928T115523_c26e80d9:46,3,models/Llama-3.1-8B-Instruct,Standard_random1_1
0903b5b63119d8fa41e2,20260928T115523_c26e80d9:46,4,models/Llama-3.1-8B-Instruct,Standard_random1_1
c72bcf88eb864a1090af,20260928T115523_c26e80d9:46,5,models/Llama-3.1-8B-Instruct,Standard_random1_1
fbf5771ceeafbb3be509,20260928T115523_c26e80d9:46,6,models/Llama-3.1-8B-Instruct,Standard_random1_1
c4a4baba173766b705c8,20260928T115523_c26e80d9:46,7,models/Llama-3.1-8B-Instruct,Standard_random1_1
06198a2db1e6126b25d2,20260928T115523_c26e80d9:46,8,models/Llama-3.1-8B-Instruct,Standard_random1_1
ee256ee206f8424916f6,20260928T115523_c26e80d9:46,9,models/Llama-3.1-8B-Instruct,Standard_random1_1
4a4758ff7a18e0488f7f,20260928T115523_c26e80d9:47,0,models/Llama-3.1-8B-Instruct,Standard_patch_creative
166bfad3d4549e18f57a,20260928T115523_c26e80d9:47,1,models/Llama-3.1-8B-Instruct,Standard_patch_creative
602f6671cca93ec6d28e,20260928T115523_c26e80d9:47,2,models/Llama-3.1-8B-Instruct,Standard_patch_creative
d3868c89747fa3dddc6f,20260928T115523_c26e80d9:47,3,models/Llama-3.1-8B-Instruct,Standard_patch_creative
a535a8b0355cba000745,20260928T115523_c26e80d9:47,4,models/Llama-3.1-8B-Instruct,Standard_patch_creative
d9a0930356c3c6a888c6,20260928T115523_c26e80d9:47,5,models/Llama-3.1-8B-Instruct,Standard_patch_creative
331bc822236c181ee353,20260928T115523_c26e80d9:47,6,models/Llama-3.1-8B-Instruct,Standard_patch_creative
3eb8a4f3b7ffbf38f26b,20260928T115523_c26e80d9:47,7,models/Llama-3.1-8B-Instruct,Standard_patch_creative
af8ace6e4f04a87493bf,20260928T115523_c26e80d9:47,8,models/Llama-3.1-8B-Instruct,Standard_patch_creative
cc7bef5269815a6fe860,20260928T115523_c26e80d9:47,9,models/Llama-3.1-8B-Instruct,Standard_patch_creative
55a3724e237657d0a9c5,20260928T115523_c26e80d9:48,0,models/Llama-3.1-8B-Instruct,Standard_suppress
3292409d9aa18e9a1493,20260928T115523_c26e80d9:48,1,models/Llama-3.1-8B-Instruct,Standard_suppress
add1fad5cd62395698e2,20260928T115523_c26e80d9:48,2,models/Llama-3.1-8B-Instruct,Standard_suppress
1fae5b86113c956c08bd,20260928T115523_c26e80d9:48,3,models/Llama-3.1-8B-Instruct,Standard_suppress
aed74782067265881498,20260928T115523_c26e80d9:48,4,models/Llama-3.1-8B-Instruct,Standard_suppress
bb1a9dc2b7dcfa8fde3d,20260928T115523_c26e80d9:48,5,models/Llama-3.1-8B-Instruct,Standard_suppress
6e7a8e87b1f464f34e39,20260928T115523_c26e80d9:48,6,models/Llama-3.1-8B-Instruct,Standard_suppress
dac90ff4d610eba913db,20260928T115523_c26e80d9:48,7,models/Llama-3.1-8B-Instruct,Standard_suppress
314d54ca135c39c8f04f,20260928T115523_c26e80d9:48,8,models/Llama-3.1-8B-Instruct,Standard_suppress
1d8b83a2d79a37059578,20260928T115523_c26e80d9:48,9,models/Llama-3.1-8B-Instruct,Standard_suppress
d19271ac2685d7f16d5a,20260928T115523_c26e80d9:49,0,models/Llama-3.1-8B-Instruct,Standard
8e5b8c6afe5850fd5359,20260928T115523_c26e80d9:49,1,models/Llama-3.1-8B-Instruct,Standard
8e35123165ffc68b2023,20260928T115523_c26e80d9:49,2,models/Llama-3.1-8B-Instruct,Standard
2b5ed68ec4a2babdc0f9,20260928T115523_c26e80d9:49,3,models/Llama-3.1-8B-Instruct,Standard
16639b97178efebaa622,20260928T115523_c26e80d9:49,4,models/Llama-3.1-8B-Instruct,Standard
927272a2bf73003195ff,20260928T115523_c26e80d9:49,5,models/Llama-3.1-8B-Instruct,Standard
68783dd4181cefe40fcb,20260928T115523_c26e80d9:49,6,models/Llama-3.1-8B-Instruct,Standard
030d2c048ace2b11e5b6,20260928T115523_c26e80d9:49,7,models/Llama-3.1-8B-Instruct,Standard
d890d618fd9f25a8dcb1,20260928T115523_c26e80d9:49,8,models/Llama-3.1-8B-Instruct,Standard
0233d1d3c19199f8daf2,20260928T115523_c26e80d9:49,9,models/Llama-3.1-8B-Instruct,Standard
1ce001e1e470e3be476e,20260928T115523_c26e80d9:50,0,models/Llama-3.1-8B-Instruct,Creative
58e98fe4f02823830642,20260928T115523_c26e80d9:50,1,models/Llama-3.1-8B-Instruct,Creative
02bc98e306b0b1fafc65,20260928T115523_c26e80d9:50,2,models/Llama-3.1-8B-Instruct,Creative
ee705ea5fbd409c89b0e,20260928T115523_c26e80d9:50,3,models/Llama-3.1-8B-Instruct,Creative
7f7061a72c3208b1a5b0,20260928T115523_c26e80d9:50,4,models/Llama-3.1-8B-Instruct,Creative
afcedfa692e3037c0419,20260928T115523_c26e80d9:50,5,models/Llama-3.1-8B-Instruct,Creative
1d09ee29ad4d15050285,20260928T115523_c26e80d9:50,6,models/Llama-3.1-8B-Instruct,Creative
4f911346e0657ca82bf1,20260928T115523_c26e80d9:50,7,models/Llama-3.1-8B-Instruct,Creative
9620908edbb1e5a4363b,20260928T115523_c26e80d9:50,8,models/Llama-3.1-8B-Instruct,Creative
8ca69d401ca8af6b0f84,20260928T115523_c26e80d9:50,9,models/Llama-3.1-8B-Instruct,Creative
7c9891734d8fe8523289,20260928T115523_c26e80d9:51,0,models/Llama-3.1-8B-Instruct,Standard_add_1
de6f9ed186ee255ce34c,20260928T115523_c26e80d9:51,1,models/Llama-3.1-8B-Instruct,Standard_add_1
56bf64b64d8857c5d3f8,20260928T115523_c26e80d9:51,2,models/Llama-3.1-8B-Instruct,Standard_add_1
d03365197191f96dbc81,20260928T115523_c26e80d9:51,3,models/Llama-3.1-8B-Instruct,Standard_add_1
a0c238fe4d8c73f3c23c,20260928T115523_c26e80d9:51,4,models/Llama-3.1-8B-Instruct,Standard_add_1
1fd3ae9669986c480583,20260928T115523_c26e80d9:51,5,models/Llama-3.1-8B-Instruct,Standard_add_1
ec080120dfc96042e381,20260928T115523_c26e80d9:51,6,models/Llama-3.1-8B-Instruct,Standard_add_1
548cba901646064a59de,20260928T115523_c26e80d9:51,7,models/Llama-3.1-8B-Instruct,Standard_add_1
489a554650326428749b,20260928T115523_c26e80d9:51,8,models/Llama-3.1-8B-Instruct,Standard_add_1
0b7f5b348b93febae0fc,20260928T115523_c26e80d9:51,9,models/Llama-3.1-8B-Instruct,Standard_add_1
e4b1df7dd2de6cb4d1c3,20260928T115523_c26e80d9:52,0,models/Llama-3.1-8B-Instruct,Standard_random0_1
0a7b316fa60795b86add,20260928T115523_c26e80d9:52,1,models/Llama-3.1-8B-Instruct,Standard_random0_1
2096be0a03e5f1285595,20260928T115523_c26e80d9:52,2,models/Llama-3.1-8B-Instruct,Standard_random0_1
3d75c2672454a38e97f9,20260928T115523_c26e80d9:52,3,models/Llama-3.1-8B-Instruct,Standard_random0_1
dac8e78deb183d04890b,20260928T115523_c26e80d9:52,4,models/Llama-3.1-8B-Instruct,Standard_random0_1
036b9eebd1d436592106,20260928T115523_c26e80d9:52,5,models/Llama-3.1-8B-Instruct,Standard_random0_1
31870521e0c624e48d0e,20260928T115523_c26e80d9:52,6,models/Llama-3.1-8B-Instruct,Standard_random0_1
6c85c01d6ecf1ac3a8e5,20260928T115523_c26e80d9:52,7,models/Llama-3.1-8B-Instruct,Standard_random0_1
d983f56b05a2d7a6172d,20260928T115523_c26e80d9:52,8,models/Llama-3.1-8B-Instruct,Standard_random0_1
1d028526d4c2d61668ac,20260928T115523_c26e80d9:52,9,models/Llama-3.1-8B-Instruct,Standard_random0_1
c076a8a9fdf2b711740c,20260928T115523_c26e80d9:53,0,models/Llama-3.1-8B-Instruct,Creative
9371719b202ffff178f7,20260928T115523_c26e80d9:53,1,models/Llama-3.1-8B-Instruct,Creative
112b42b9a4243703b1a1,20260928T115523_c26e80d9:53,2,models/Llama-3.1-8B-Instruct,Creative
99140b1cfad1c08c87f2,20260928T115523_c26e80d9:53,3,models/Llama-3.1-8B-Instruct,Creative
8953e08cb708a14c0686,20260928T115523_c26e80d9:53,4,models/Llama-3.1-8B-Instruct,Creative
d15571855b25b58eae8b,20260928T115523_c26e80d9:53,5,models/Llama-3.1-8B-Instruct,Creative
dcda125191538461f9ab,20260928T115523_c26e80d9:53,6,models/Llama-3.1-8B-Instruct,Creative
1c56a8d08650a889a2b5,20260928T115523_c26e80d9:53,7,models/Llama-3.1-8B-Instruct,Creative
65f11df1f7cae1588b4a,20260928T115523_c26e80d9:53,8,models/Llama-3.1-8B-Instruct,Creative
8cfd0556e97a283ac895,20260928T115523_c26e80d9:53,9,models/Llama-3.1-8B-Instruct,Creative
f482b659f85ffa37881d,20260928T115523_c26e80d9:54,0,models/Llama-3.1-8B-Instruct,Creative_suppress
defe7db770055788b8cc,20260928T115523_c26e80d9:54,1,models/Llama-3.1-8B-Instruct,Creative_suppress
c6c64187bc2471596a78,20260928T115523_c26e80d9:54,2,models/Llama-3.1-8B-Instruct,Creative_suppress
44572fedb45be591ffe9,20260928T115523_c26e80d9:54,3,models/Llama-3.1-8B-Instruct,Creative_suppress
d748445d0fdaa7e6e21f,20260928T115523_c26e80d9:54,4,models/Llama-3.1-8B-Instruct,Creative_suppress
28ad70232368228ccae3,20260928T115523_c26e80d9:54,5,models/Llama-3.1-8B-Instruct,Creative_suppress
6ba63ea0469d0ca82f1d,20260928T115523_c26e80d9:54,6,models/Llama-3.1-8B-Instruct,Creative_suppress
452523c0bc4326bf8144,20260928T115523_c26e80d9:54,7,models/Llama-3.1-8B-Instruct,Creative_suppress
1a466a0304963f04795a,20260928T115523_c26e80d9:54,8,models/Llama-3.1-8B-Instruct,Creative_suppress
39e86b46bd58b4bb2ad1,20260928T115523_c26e80d9:54,9,models/Llama-3.1-8B-Instruct,Creative_suppress
2d69d8a51a1039d6474f,20260928T115523_c26e80d9:55,0,models/Llama-3.1-8B-Instruct,Creative_random_suppress0
a576d5cd684d81881ce0,20260928T115523_c26e80d9:55,1,models/Llama-3.1-8B-Instruct,Creative_random_suppress0
6256070a7963fc01f123,20260928T115523_c26e80d9:55,2,models/Llama-3.1-8B-Instruct,Creative_random_suppress0
4328acdf8d9fa89f0077,20260928T115523_c26e80d9:55,3,models/Llama-3.1-8B-Instruct,Creative_random_suppress0
713744e876a51299aafa,20260928T115523_c26e80d9:55,4,models/Llama-3.1-8B-Instruct,Creative_random_suppress0
822a5d514a14f36dd88b,20260928T115523_c26e80d9:55,5,models/Llama-3.1-8B-Instruct,Creative_random_suppress0
719c6a6a48577bc9c1c7,20260928T115523_c26e80d9:55,6,models/Llama-3.1-8B-Instruct,Creative_random_suppress0
cc0f4922ddacd65eaed2,20260928T115523_c26e80d9:55,7,models/Llama-3.1-8B-Instruct,Creative_random_suppress0
fe75df9ddd7c7265b1ac,20260928T115523_c26e80d9:55,8,models/Llama-3.1-8B-Instruct,Creative_random_suppress0
a6dd0be93c18a3e16fa7,20260928T115523_c26e80d9:55,9,models/Llama-3.1-8B-Instruct,Creative_random_suppress0
