Source,SHA256,Temperature,Top_P,Top_K,Responses
outputs/Llama-3.1-8B-Instruct/results_alternative_uses_task_20260924T131320_5af21d06.csv,99eedceec2871363287a5bccbda3f10f00e8ce8caa9e91dd9e68d43458463cd6,0.7,1.0,0,125
outputs/Llama-3.1-8B-Instruct/results_divergent_association_task_20260924T131228_717dcc51.csv,10f9dc23222154f7f92bbf9569ac031819d8b504ffb6a07cbb029829926cb84f,0.7,1.0,0,25
outputs/concept_pilot_27297120/contrast/results_alternative_uses_task_20260928T115523_c26e80d9.csv,2ae39ea84681d885e42e36e6938565f568ae46c0b04ebef2a4df5f753889d427,0.7,unknown_not_recorded,unknown_not_recorded,52
outputs/concept_pilot_27297120/contrast/results_alternative_uses_task_20260928T115523_c26e80d9.csv,2ae39ea84681d885e42e36e6938565f568ae46c0b04ebef2a4df5f753889d427,1.0,unknown_not_recorded,unknown_not_recorded,4
outputs/concept_pilot_27297120/creative_mean/results_alternative_uses_task_20260928T115315_e3407c2b.csv,eb80870e8e54726db5d86749c9176a32cf5ba8caa8a10ca31869428d475cc06f,0.7,unknown_not_recorded,unknown_not_recorded,52
outputs/concept_pilot_27297120/creative_mean/results_alternative_uses_task_20260928T115315_e3407c2b.csv,eb80870e8e54726db5d86749c9176a32cf5ba8caa8a10ca31869428d475cc06f,1.0,unknown_not_recorded,unknown_not_recorded,4
outputs/concept_pilot_27297120/head_l10_h25/results_alternative_uses_task_20260928T115725_34c063a8.csv,fdce82db635af687fbec1b0070d0578945e7afab20fe05c6c9fa7ad18729623e,0.7,unknown_not_recorded,unknown_not_recorded,52
outputs/concept_pilot_27297120/head_l10_h25/results_alternative_uses_task_20260928T115725_34c063a8.csv,fdce82db635af687fbec1b0070d0578945e7afab20fe05c6c9fa7ad18729623e,1.0,unknown_not_recorded,unknown_not_recorded,4
outputs/concept_pilot_27409581/contrast/results_alternative_uses_task_20260930T141748_cdba3eec.csv,c1e771dedfe2d3d23b18a83c79eebfaeec0ee16c2b1b938fb0f6ebced5b537b4,0.7,unknown_not_recorded,unknown_not_recorded,150
outputs/concept_pilot_27409581/contrast/results_alternative_uses_task_20260930T141748_cdba3eec.csv,c1e771dedfe2d3d23b18a83c79eebfaeec0ee16c2b1b938fb0f6ebced5b537b4,1.0,unknown_not_recorded,unknown_not_recorded,10
outputs/concept_pilot_27409581/creative_mean/results_alternative_uses_task_20260930T141246_64e47b6a.csv,bcf1598dc9d6448d93fba36eedb599439dd46768532e59c1a3c5c459127d6d2d,0.7,unknown_not_recorded,unknown_not_recorded,150
outputs/concept_pilot_27409581/creative_mean/results_alternative_uses_task_20260930T141246_64e47b6a.csv,bcf1598dc9d6448d93fba36eedb599439dd46768532e59c1a3c5c459127d6d2d,1.0,unknown_not_recorded,unknown_not_recorded,10
outputs/concept_pilot_27409581/head_l14_h24/results_alternative_uses_task_20260930T142252_eb92345c.csv,f85450193fba2cb05f9886e3ad63877b559a1931d2c396bff0bbc421b49cde25,0.7,unknown_not_recorded,unknown_not_recorded,150
outputs/concept_pilot_27409581/head_l14_h24/results_alternative_uses_task_20260930T142252_eb92345c.csv,f85450193fba2cb05f9886e3ad63877b559a1931d2c396bff0bbc421b49cde25,1.0,unknown_not_recorded,unknown_not_recorded,10
outputs/residual_pilot_27295796/responses/results_alternative_uses_task_20260928T105913_e71c499d.csv,0c7baa7ea0685db67e1ad8847a91031c8ab20ce63fa7b5e2bab58356e95e39a0,0.7,unknown_not_recorded,unknown_not_recorded,78
outputs/residual_pilot_27295796/responses/results_alternative_uses_task_20260928T105913_e71c499d.csv,0c7baa7ea0685db67e1ad8847a91031c8ab20ce63fa7b5e2bab58356e95e39a0,1.0,unknown_not_recorded,unknown_not_recorded,6
outputs/residual_pilot_27409580/responses/results_alternative_uses_task_20260930T141243_60ed65bb.csv,34e6ad6252c1a202d78b7ae477d65ae8269b0efb282e89f0ee961e7e30262976,0.7,unknown_not_recorded,unknown_not_recorded,225
outputs/residual_pilot_27409580/responses/results_alternative_uses_task_20260930T141243_60ed65bb.csv,34e6ad6252c1a202d78b7ae477d65ae8269b0efb282e89f0ee961e7e30262976,1.0,unknown_not_recorded,unknown_not_recorded,15
