Condition,behavioral,residual,concept_mean,concept_contrast,concept_head
Standard,139.82195058199187,139.82195078950764,139.82195074585792,139.82195077808097,139.82195055516988
Creative,138.02857298752411,138.0285733267287,138.0285732318095,138.02857296734763,138.02857306007513
Effective,139.0926351986859,139.09263541879653,139.09263536397867,139.09263532119923,139.09263514884375
Conventional,143.9869578486563,143.98695801034305,143.9869581192774,143.9869581064035,143.98695768618876
Boring,141.14740680864023,141.14740733316518,141.14740712592976,141.14740697821853,141.14740690026494
Creative_patch_standard,,138.8315503793828,138.83155013896646,138.83155010661628,139.0184308783338
Creative_random_suppress0,,138.74196224781488,139.11374749407577,138.71869944511394,139.32389083343244
Creative_random_suppress1,,140.0906087908451,138.77349009619815,137.88079179307482,138.8103729006091
Creative_subtract_1,,139.31618918255407,138.85217364706236,138.67077881567542,138.77348985484886
Creative_suppress,,138.55508136190974,138.7186995228456,138.5002903841788,138.72339348380422
Standard_add_1,,139.7454232550323,139.74542321829932,139.62517792656507,139.59611136339362
Standard_patch_creative,,139.36637172158936,139.36637162850974,139.36637182805313,139.47586609405835
Standard_random0_1,,140.13772794515353,139.59611166268914,139.74542308057937,139.36637147103227
Standard_random1_1,,139.59611174885208,139.34142811760952,139.74542308057937,140.0854330105346
Standard_suppress,,139.85397814507832,139.84244008478146,140.137728054843,139.36637147103227
